"Activity","Date (YYYYMMDD)","Set",,"unit",,"unit","Combined","Points"
"Barbell Squat",2012-08-08,1,45,,5,,"45 lb || 5 reps","36"
"Barbell Squat",2012-08-08,2,135,,5,,"135 lb || 5 reps","66"
"Barbell Squat",2012-08-08,3,185,,5,,"185 lb || 5 reps","92"
"Barbell Squat",2012-08-08,4,225,,5,,"225 lb || 5 reps","121"
"Barbell Squat",2012-08-13,801,65,,5,,"65 lb || 5 reps","41"
"Barbell Squat",2012-08-13,802,135,,5,,"135 lb || 5 reps","66"
"Barbell Squat",2012-08-13,803,185,,5,,"185 lb || 5 reps","92"
"Barbell Squat",2012-08-13,804,225,,5,,"225 lb || 5 reps","121"
"Barbell Squat",2012-08-13,805,285,,5,,"285 lb || 5 reps","181"
"Barbell Squat",2012-08-20,201,65,,5,,"65 lb || 5 reps","41"
"Barbell Squat",2012-08-20,202,135,,5,,"135 lb || 5 reps","66"
"Barbell Squat",2012-08-20,203,185,,5,,"185 lb || 5 reps","92"
"Barbell Squat",2012-08-20,204,225,,5,,"225 lb || 5 reps","121"
"Barbell Squat",2012-08-20,205,295,,2,,"295 lb || 2 reps","131"
"Barbell Squat",2012-08-24,201,65,,5,,"65 lb || 5 reps","41"
"Barbell Squat",2012-08-24,202,135,,5,,"135 lb || 5 reps","66"
"Barbell Squat",2012-08-24,203,185,,5,,"185 lb || 5 reps","92"
"Barbell Squat",2012-08-24,204,225,,5,,"225 lb || 5 reps","121"
"Barbell Squat",2012-08-24,205,295,,2,,"295 lb || 2 reps","131"
"Barbell Squat",2012-08-31,201,65,,5,,"65 lb || 5 reps","41"
"Barbell Squat",2012-08-31,202,135,,5,,"135 lb || 5 reps","66"
"Barbell Squat",2012-08-31,203,185,,5,,"185 lb || 5 reps","92"
"Barbell Squat",2012-08-31,204,225,,5,,"225 lb || 5 reps","121"
"Barbell Squat",2012-08-31,205,295,,2,,"295 lb || 2 reps","131"
"Barbell Squat",2012-09-05,201,65,,5,,"65 lb || 5 reps","41"
"Barbell Squat",2012-09-05,202,135,,5,,"135 lb || 5 reps","66"
"Barbell Squat",2012-09-05,203,185,,5,,"185 lb || 5 reps","92"
"Barbell Squat",2012-09-05,204,225,,5,,"225 lb || 5 reps","121"
"Barbell Squat",2012-09-05,205,295,,3,,"295 lb || 3 reps","155"
"Barbell Squat",2012-09-08,801,65,,5,,"65 lb || 5 reps","41"
"Barbell Squat",2012-09-08,802,135,,5,,"135 lb || 5 reps","66"
"Barbell Squat",2012-09-08,803,185,,5,,"185 lb || 5 reps","92"
"Barbell Squat",2012-09-08,804,225,,5,,"225 lb || 5 reps","121"
"Barbell Squat",2012-09-08,805,295,,3,,"295 lb || 3 reps","155"
"Barbell Squat",2012-09-14,201,65,,5,,"65 lb || 5 reps","41"
"Barbell Squat",2012-09-14,202,135,,5,,"135 lb || 5 reps","66"
"Barbell Squat",2012-09-14,203,185,,5,,"185 lb || 5 reps","92"
"Barbell Squat",2012-09-14,204,225,,5,,"225 lb || 5 reps","121"
"Barbell Squat",2012-09-14,205,295,,3,,"295 lb || 3 reps","155"
"Barbell Squat",2012-09-19,201,65,,5,,"65 lb || 5 reps","41"
"Barbell Squat",2012-09-19,202,135,,5,,"135 lb || 5 reps","66"
"Barbell Squat",2012-09-19,203,185,,5,,"185 lb || 5 reps","92"
"Barbell Squat",2012-09-19,204,225,,5,,"225 lb || 5 reps","121"
"Barbell Squat",2012-09-19,205,295,,2,,"295 lb || 2 reps","131"
"Barbell Squat",2012-09-24,201,65,,5,,"65 lb || 5 reps","41"
"Barbell Squat",2012-09-24,202,135,,5,,"135 lb || 5 reps","66"
"Barbell Squat",2012-09-24,203,185,,5,,"185 lb || 5 reps","92"
"Barbell Squat",2012-09-24,204,225,,5,,"225 lb || 5 reps","121"
"Barbell Squat",2012-09-24,205,295,,5,,"295 lb || 5 reps","194"
"Barbell Squat",2012-09-27,201,65,,5,,"65 lb || 5 reps","41"
"Barbell Squat",2012-09-27,202,135,,5,,"135 lb || 5 reps","66"
"Barbell Squat",2012-09-27,203,185,,5,,"185 lb || 5 reps","92"
"Barbell Squat",2012-09-27,204,225,,5,,"225 lb || 5 reps","121"
"Barbell Squat",2012-09-27,205,300,,5,,"300 lb || 5 reps","200"
"Barbell Squat",2012-10-03,201,65,,5,,"65 lb || 5 reps","41"
"Barbell Squat",2012-10-03,202,135,,5,,"135 lb || 5 reps","66"
"Barbell Squat",2012-10-03,203,185,,5,,"185 lb || 5 reps","92"
"Barbell Squat",2012-10-03,204,225,,5,,"225 lb || 5 reps","121"
"Barbell Squat",2012-10-03,205,305,,3,,"305 lb || 3 reps","166"
"Barbell Squat",2012-10-07,301,135,,10,,"135 lb || 10 reps","77"
"Barbell Squat",2012-10-07,302,185,,20,,"185 lb || 20 reps","121"
"Barbell Squat",2012-10-09,201,135,,5,,"135 lb || 5 reps","66"
"Barbell Squat",2012-10-09,202,185,,5,,"185 lb || 5 reps","92"
"Barbell Squat",2012-10-09,203,225,,5,,"225 lb || 5 reps","121"
"Barbell Squat",2012-10-09,204,275,,5,,"275 lb || 5 reps","169"
"Barbell Squat",2012-10-09,205,305,,5,,"305 lb || 5 reps","207"
"Barbell Squat",2012-10-13,201,135,,5,,"135 lb || 5 reps","66"
"Barbell Squat",2012-10-13,202,185,,5,,"185 lb || 5 reps","92"
"Barbell Squat",2012-10-13,203,225,,5,,"225 lb || 5 reps","121"
"Barbell Squat",2012-10-13,204,275,,5,,"275 lb || 5 reps","169"
"Barbell Squat",2012-10-13,205,315,,5,,"315 lb || 5 reps","222"
"Barbell Squat",2012-10-16,401,135,,5,,"135 lb || 5 reps","66"
"Barbell Squat",2012-10-16,402,185,,5,,"185 lb || 5 reps","92"
"Barbell Squat",2012-10-16,403,225,,20,,"225 lb || 20 reps","159"
"Barbell Squat",2012-10-19,201,135,,5,,"135 lb || 5 reps","66"
"Barbell Squat",2012-10-19,202,185,,5,,"185 lb || 5 reps","92"
"Barbell Squat",2012-10-19,203,230,,20,,"230 lb || 20 reps","164"
"Barbell Squat",2012-10-20,201,135,,5,,"135 lb || 5 reps","66"
"Barbell Squat",2012-10-20,202,185,,5,,"185 lb || 5 reps","92"
"Barbell Squat",2012-10-20,203,235,,15,,"235 lb || 15 reps","161"
"Barbell Squat",2012-10-29,201,45,,5,,"45 lb || 5 reps","36"
"Barbell Squat",2012-10-29,202,95,,5,,"95 lb || 5 reps","50"
"Barbell Squat",2012-10-29,203,135,,5,,"135 lb || 5 reps","66"
"Barbell Squat",2012-10-29,204,185,,3,,"185 lb || 3 reps","74"
"Barbell Squat",2012-10-29,205,255,,2,,"255 lb || 2 reps","100"
"Barbell Squat",2012-10-29,206,315,,5,,"315 lb || 5 reps","222"
"Barbell Squat",2012-10-29,207,275,,5,,"275 lb || 5 reps","169"
"Barbell Squat",2012-11-01,501,45,,2,,"45 lb || 2 reps","24"
"Barbell Squat",2012-11-01,502,45,,2,,"45 lb || 2 reps","24"
"Barbell Squat",2012-11-01,503,135,,5,,"135 lb || 5 reps","66"
"Barbell Squat",2012-11-01,504,185,,4,,"185 lb || 4 reps","84"
"Barbell Squat",2012-11-01,505,225,,2,,"225 lb || 2 reps","82"
"Barbell Squat",2012-11-01,506,275,,5,,"275 lb || 5 reps","169"
"Barbell Squat",2012-11-01,507,275,,5,,"275 lb || 5 reps","169"
"Barbell Squat",2012-11-01,508,275,,5,,"275 lb || 5 reps","169"
"Barbell Squat",2012-11-06,1,45,,5,,"45 lb || 5 reps","36"
"Barbell Squat",2012-11-06,2,45,,5,,"45 lb || 5 reps","36"
"Barbell Squat",2012-11-06,3,135,,5,,"135 lb || 5 reps","66"
"Barbell Squat",2012-11-06,4,185,,3,,"185 lb || 3 reps","74"
"Barbell Squat",2012-11-06,5,225,,2,,"225 lb || 2 reps","82"
"Barbell Squat",2012-11-06,6,280,,5,,"280 lb || 5 reps","175"
"Barbell Squat",2012-11-06,7,280,,5,,"280 lb || 5 reps","175"
"Barbell Squat",2012-11-06,8,280,,5,,"280 lb || 5 reps","175"
"Barbell Squat",2012-11-08,1,45,,5,,"45 lb || 5 reps","36"
"Barbell Squat",2012-11-08,2,45,,5,,"45 lb || 5 reps","36"
"Barbell Squat",2012-11-08,3,135,,5,,"135 lb || 5 reps","66"
"Barbell Squat",2012-11-08,4,185,,3,,"185 lb || 3 reps","74"
"Barbell Squat",2012-11-08,5,225,,2,,"225 lb || 2 reps","82"
"Barbell Squat",2012-11-08,6,285,,5,,"285 lb || 5 reps","181"
"Barbell Squat",2012-11-08,7,285,,5,,"285 lb || 5 reps","181"
"Barbell Squat",2012-11-08,8,285,,5,,"285 lb || 5 reps","181"
"Barbell Squat",2012-11-10,1,45,,5,,"45 lb || 5 reps","36"
"Barbell Squat",2012-11-10,2,45,,5,,"45 lb || 5 reps","36"
"Barbell Squat",2012-11-10,3,135,,5,,"135 lb || 5 reps","66"
"Barbell Squat",2012-11-10,4,185,,3,,"185 lb || 3 reps","74"
"Barbell Squat",2012-11-10,5,225,,2,,"225 lb || 2 reps","82"
"Barbell Squat",2012-11-10,6,290,,5,,"290 lb || 5 reps","187"
"Barbell Squat",2012-11-10,7,290,,5,,"290 lb || 5 reps","187"
"Barbell Squat",2012-11-10,8,290,,4,,"290 lb || 4 reps","171"
"Barbell Squat",2012-11-13,1,45,,5,,"45 lb || 5 reps","36"
"Barbell Squat",2012-11-13,2,65,,5,,"65 lb || 5 reps","41"
"Barbell Squat",2012-11-13,3,135,,5,,"135 lb || 5 reps","66"
"Barbell Squat",2012-11-13,4,185,,3,,"185 lb || 3 reps","74"
"Barbell Squat",2012-11-13,5,225,,2,,"225 lb || 2 reps","82"
"Barbell Squat",2012-11-13,6,295,,5,,"295 lb || 5 reps","194"
"Barbell Squat",2012-11-13,7,295,,5,,"295 lb || 5 reps","194"
"Barbell Squat",2012-11-13,8,295,,5,,"295 lb || 5 reps","194"
"Barbell Squat",2012-11-15,1,45,,5,,"45 lb || 5 reps","36"
"Barbell Squat",2012-11-15,2,65,,5,,"65 lb || 5 reps","41"
"Barbell Squat",2012-11-15,3,135,,5,,"135 lb || 5 reps","66"
"Barbell Squat",2012-11-15,4,185,,3,,"185 lb || 3 reps","74"
"Barbell Squat",2012-11-15,5,225,,2,,"225 lb || 2 reps","82"
"Barbell Squat",2012-11-15,6,300,,5,,"300 lb || 5 reps","200"
"Barbell Squat",2012-11-15,7,300,,5,,"300 lb || 5 reps","200"
"Barbell Squat",2012-11-15,8,300,,5,,"300 lb || 5 reps","200"
"Barbell Squat",2012-11-15,9,225,,10,,"225 lb || 10 reps","142"
"Barbell Squat",2012-11-18,1,45,,5,,"45 lb || 5 reps","36"
"Barbell Squat",2012-11-18,2,65,,5,,"65 lb || 5 reps","41"
"Barbell Squat",2012-11-18,3,135,,5,,"135 lb || 5 reps","66"
"Barbell Squat",2012-11-18,4,185,,3,,"185 lb || 3 reps","74"
"Barbell Squat",2012-11-18,5,225,,2,,"225 lb || 2 reps","82"
"Barbell Squat",2012-11-18,6,305,,5,,"305 lb || 5 reps","207"
"Barbell Squat",2012-11-18,7,305,,5,,"305 lb || 5 reps","207"
"Barbell Squat",2012-11-18,8,305,,5,,"305 lb || 5 reps","207"
"Barbell Squat",2012-11-21,1,45,,5,,"45 lb || 5 reps","36"
"Barbell Squat",2012-11-21,1,45,,5,,"45 lb || 5 reps","36"
"Barbell Squat",2012-11-21,2,65,,5,,"65 lb || 5 reps","41"
"Barbell Squat",2012-11-21,2,65,,5,,"65 lb || 5 reps","41"
"Barbell Squat",2012-11-21,3,135,,5,,"135 lb || 5 reps","66"
"Barbell Squat",2012-11-21,3,135,,5,,"135 lb || 5 reps","66"
"Barbell Squat",2012-11-21,4,185,,3,,"185 lb || 3 reps","74"
"Barbell Squat",2012-11-21,4,185,,3,,"185 lb || 3 reps","74"
"Barbell Squat",2012-11-21,5,225,,2,,"225 lb || 2 reps","82"
"Barbell Squat",2012-11-21,5,225,,2,,"225 lb || 2 reps","82"
"Barbell Squat",2012-11-21,6,315,,5,,"315 lb || 5 reps","222"
"Barbell Squat",2012-11-21,6,310,,5,,"310 lb || 5 reps","214"
"Barbell Squat",2012-11-21,7,315,,5,,"315 lb || 5 reps","222"
"Barbell Squat",2012-11-21,7,310,,5,,"310 lb || 5 reps","214"
"Barbell Squat",2012-11-21,8,315,,5,,"315 lb || 5 reps","222"
"Barbell Squat",2012-11-21,8,310,,5,,"310 lb || 5 reps","214"
"Barbell Squat",2012-11-26,1,45,,5,,"45 lb || 5 reps","36"
"Barbell Squat",2012-11-26,2,65,,5,,"65 lb || 5 reps","41"
"Barbell Squat",2012-11-26,3,135,,5,,"135 lb || 5 reps","66"
"Barbell Squat",2012-11-26,4,185,,3,,"185 lb || 3 reps","74"
"Barbell Squat",2012-11-26,5,255,,2,,"255 lb || 2 reps","100"
"Barbell Squat",2012-11-26,6,320,,5,,"320 lb || 5 reps","229"
"Barbell Squat",2012-11-26,7,320,,5,,"320 lb || 5 reps","229"
"Barbell Squat",2012-11-26,8,320,,5,,"320 lb || 5 reps","229"
"Barbell Squat",2012-11-29,1,45,,5,,"45 lb || 5 reps","36"
"Barbell Squat",2012-11-29,2,95,,5,,"95 lb || 5 reps","50"
"Barbell Squat",2012-11-29,3,155,,5,,"155 lb || 5 reps","75"
"Barbell Squat",2012-11-29,4,205,,3,,"205 lb || 3 reps","85"
"Barbell Squat",2012-11-29,5,255,,2,,"255 lb || 2 reps","100"
"Barbell Squat",2012-11-29,6,325,,5,,"325 lb || 5 reps","237"
"Barbell Squat",2012-11-29,7,325,,5,,"325 lb || 5 reps","237"
"Barbell Squat",2012-11-29,8,325,,5,,"325 lb || 5 reps","237"
"Barbell Squat",2012-11-30,1,45,,5,,"45 lb || 5 reps","36"
"Barbell Squat",2012-11-30,2,95,,5,,"95 lb || 5 reps","50"
"Barbell Squat",2012-11-30,3,135,,5,,"135 lb || 5 reps","66"
"Barbell Squat",2012-11-30,4,205,,3,,"205 lb || 3 reps","85"
"Barbell Squat",2012-11-30,5,255,,2,,"255 lb || 2 reps","100"
"Barbell Squat",2012-11-30,6,330,,5,,"330 lb || 5 reps","245"
"Barbell Squat",2012-11-30,7,330,,5,,"330 lb || 5 reps","245"
"Barbell Squat",2012-11-30,8,330,,5,,"330 lb || 5 reps","245"
"Barbell Squat",2012-12-01,1,45,,5,,"45 lb || 5 reps","36"
"Barbell Squat",2012-12-01,2,95,,5,,"95 lb || 5 reps","50"
"Barbell Squat",2012-12-01,3,155,,5,,"155 lb || 5 reps","75"
"Barbell Squat",2012-12-01,4,205,,3,,"205 lb || 3 reps","85"
"Barbell Squat",2012-12-01,5,255,,2,,"255 lb || 2 reps","100"
"Barbell Squat",2012-12-01,6,335,,5,,"335 lb || 5 reps","254"
"Barbell Squat",2012-12-01,7,335,,5,,"335 lb || 5 reps","254"
"Barbell Squat",2012-12-01,8,335,,5,,"335 lb || 5 reps","254"
"Barbell Squat",2012-12-04,1,45,,5,,"45 lb || 5 reps","36"
"Barbell Squat",2012-12-04,2,95,,5,,"95 lb || 5 reps","50"
"Barbell Squat",2012-12-04,3,155,,5,,"155 lb || 5 reps","75"
"Barbell Squat",2012-12-04,4,215,,3,,"215 lb || 3 reps","90"
"Barbell Squat",2012-12-04,5,275,,2,,"275 lb || 2 reps","114"
"Barbell Squat",2012-12-04,6,340,,5,,"340 lb || 5 reps","262"
"Barbell Squat",2012-12-04,7,340,,5,,"340 lb || 5 reps","262"
"Barbell Squat",2012-12-04,8,340,,5,,"340 lb || 5 reps","262"
"Barbell Squat",2013-02-03,201,45,,5,,"45 lb || 5 reps","36"
"Barbell Squat",2013-02-03,202,65,,5,,"65 lb || 5 reps","41"
"Barbell Squat",2013-02-03,203,135,,5,,"135 lb || 5 reps","66"
"Barbell Squat",2013-02-03,204,185,,3,,"185 lb || 3 reps","74"
"Barbell Squat",2013-02-03,205,225,,2,,"225 lb || 2 reps","82"
"Barbell Squat",2013-02-03,206,275,,5,,"275 lb || 5 reps","169"
"Barbell Squat",2013-02-03,207,275,,5,,"275 lb || 5 reps","169"
"Barbell Squat",2013-02-03,208,275,,5,,"275 lb || 5 reps","169"
"Barbell Squat",2013-02-06,1,45,,5,,"45 lb || 5 reps","36"
"Barbell Squat",2013-02-06,2,65,,5,,"65 lb || 5 reps","41"
"Barbell Squat",2013-02-06,3,135,,5,,"135 lb || 5 reps","66"
"Barbell Squat",2013-02-06,4,185,,3,,"185 lb || 3 reps","74"
"Barbell Squat",2013-02-06,5,225,,2,,"225 lb || 2 reps","82"
"Barbell Squat",2013-02-06,6,275,,5,,"275 lb || 5 reps","169"
"Barbell Squat",2013-02-06,7,275,,5,,"275 lb || 5 reps","169"
"Barbell Squat",2013-02-06,8,275,,5,,"275 lb || 5 reps","169"
"Barbell Squat",2013-02-08,1,45,,5,,"45 lb || 5 reps","36"
"Barbell Squat",2013-02-08,2,65,,5,,"65 lb || 5 reps","41"
"Barbell Squat",2013-02-08,3,135,,5,,"135 lb || 5 reps","66"
"Barbell Squat",2013-02-08,4,185,,3,,"185 lb || 3 reps","74"
"Barbell Squat",2013-02-08,5,225,,2,,"225 lb || 2 reps","82"
"Barbell Squat",2013-02-08,6,275,,5,,"275 lb || 5 reps","169"
"Barbell Squat",2013-02-08,7,275,,5,,"275 lb || 5 reps","169"
"Barbell Squat",2013-02-08,8,275,,5,,"275 lb || 5 reps","169"
"Barbell Squat",2013-02-09,1,45,,5,,"45 lb || 5 reps","36"
"Barbell Squat",2013-02-09,2,45,,5,,"45 lb || 5 reps","36"
"Barbell Squat",2013-02-09,3,135,,5,,"135 lb || 5 reps","66"
"Barbell Squat",2013-02-09,4,185,,3,,"185 lb || 3 reps","74"
"Barbell Squat",2013-02-09,5,225,,2,,"225 lb || 2 reps","82"
"Barbell Squat",2013-02-09,6,280,,5,,"280 lb || 5 reps","175"
"Barbell Squat",2013-02-09,7,280,,5,,"280 lb || 5 reps","175"
"Barbell Squat",2013-02-09,8,280,,5,,"280 lb || 5 reps","175"
"Barbell Squat",2013-02-12,1,45,,5,,"45 lb || 5 reps","36"
"Barbell Squat",2013-02-12,2,45,,5,,"45 lb || 5 reps","36"
"Barbell Squat",2013-02-12,3,135,,5,,"135 lb || 5 reps","66"
"Barbell Squat",2013-02-12,4,185,,3,,"185 lb || 3 reps","74"
"Barbell Squat",2013-02-12,5,225,,2,,"225 lb || 2 reps","82"
"Barbell Squat",2013-02-12,6,285,,5,,"285 lb || 5 reps","181"
"Barbell Squat",2013-02-12,7,285,,5,,"285 lb || 5 reps","181"
"Barbell Squat",2013-02-12,8,285,,5,,"285 lb || 5 reps","181"
"Barbell Squat",2013-02-15,1,45,,5,,"45 lb || 5 reps","36"
"Barbell Squat",2013-02-15,2,45,,5,,"45 lb || 5 reps","36"
"Barbell Squat",2013-02-15,3,135,,5,,"135 lb || 5 reps","66"
"Barbell Squat",2013-02-15,4,185,,3,,"185 lb || 3 reps","74"
"Barbell Squat",2013-02-15,5,225,,2,,"225 lb || 2 reps","82"
"Barbell Squat",2013-02-15,6,290,,5,,"290 lb || 5 reps","187"
"Barbell Squat",2013-02-15,7,290,,5,,"290 lb || 5 reps","187"
"Barbell Squat",2013-02-15,8,290,,5,,"290 lb || 5 reps","187"
"Barbell Squat",2013-02-17,1,45,,5,,"45 lb || 5 reps","36"
"Barbell Squat",2013-02-17,2,45,,5,,"45 lb || 5 reps","36"
"Barbell Squat",2013-02-17,3,135,,5,,"135 lb || 5 reps","66"
"Barbell Squat",2013-02-17,4,185,,3,,"185 lb || 3 reps","74"
"Barbell Squat",2013-02-17,5,225,,2,,"225 lb || 2 reps","82"
"Barbell Squat",2013-02-17,6,295,,5,,"295 lb || 5 reps","194"
"Barbell Squat",2013-02-17,7,295,,5,,"295 lb || 5 reps","194"
"Barbell Squat",2013-02-17,8,295,,5,,"295 lb || 5 reps","194"
"Barbell Squat",2013-02-19,101,45,,5,,"45 lb || 5 reps","36"
"Barbell Squat",2013-02-19,102,45,,5,,"45 lb || 5 reps","36"
"Barbell Squat",2013-02-19,103,135,,5,,"135 lb || 5 reps","66"
"Barbell Squat",2013-02-19,104,185,,3,,"185 lb || 3 reps","74"
"Barbell Squat",2013-02-19,105,225,,2,,"225 lb || 2 reps","82"
"Barbell Squat",2013-02-19,106,300,,5,,"300 lb || 5 reps","200"
"Barbell Squat",2013-02-19,107,300,,5,,"300 lb || 5 reps","200"
"Barbell Squat",2013-02-19,108,300,,5,,"300 lb || 5 reps","200"
"Barbell Squat",2013-02-22,1,45,,5,,"45 lb || 5 reps","36"
"Barbell Squat",2013-02-22,2,45,,5,,"45 lb || 5 reps","36"
"Barbell Squat",2013-02-22,3,135,,5,,"135 lb || 5 reps","66"
"Barbell Squat",2013-02-22,4,185,,3,,"185 lb || 3 reps","74"
"Barbell Squat",2013-02-22,5,225,,2,,"225 lb || 2 reps","82"
"Barbell Squat",2013-02-22,6,305,,5,,"305 lb || 5 reps","207"
"Barbell Squat",2013-02-22,7,305,,5,,"305 lb || 5 reps","207"
"Barbell Squat",2013-02-22,8,305,,5,,"305 lb || 5 reps","207"
"Barbell Squat",2013-02-23,1,45,,5,,"45 lb || 5 reps","36"
"Barbell Squat",2013-02-23,2,45,,5,,"45 lb || 5 reps","36"
"Barbell Squat",2013-02-23,3,135,,5,,"135 lb || 5 reps","66"
"Barbell Squat",2013-02-23,4,185,,3,,"185 lb || 3 reps","74"
"Barbell Squat",2013-02-23,5,225,,2,,"225 lb || 2 reps","82"
"Barbell Squat",2013-02-23,6,310,,5,,"310 lb || 5 reps","214"
"Barbell Squat",2013-02-23,7,310,,5,,"310 lb || 5 reps","214"
"Barbell Squat",2013-02-23,8,310,,5,,"310 lb || 5 reps","214"
"Barbell Squat",2013-02-26,1,45,,5,,"45 lb || 5 reps","36"
"Barbell Squat",2013-02-26,2,45,,5,,"45 lb || 5 reps","36"
"Barbell Squat",2013-02-26,3,135,,5,,"135 lb || 5 reps","66"
"Barbell Squat",2013-02-26,4,185,,3,,"185 lb || 3 reps","74"
"Barbell Squat",2013-02-26,5,225,,2,,"225 lb || 2 reps","82"
"Barbell Squat",2013-02-26,6,315,,5,,"315 lb || 5 reps","222"
"Barbell Squat",2013-02-26,7,315,,5,,"315 lb || 5 reps","222"
"Barbell Squat",2013-02-26,8,315,,5,,"315 lb || 5 reps","222"
"Barbell Squat",2013-02-28,1,45,,5,,"45 lb || 5 reps","36"
"Barbell Squat",2013-02-28,2,135,,5,,"135 lb || 5 reps","66"
"Barbell Squat",2013-02-28,3,225,,20,,"225 lb || 20 reps","159"
"Barbell Squat",2013-03-03,1,45,,5,,"45 lb || 5 reps","36"
"Barbell Squat",2013-03-03,2,45,,5,,"45 lb || 5 reps","36"
"Barbell Squat",2013-03-03,3,135,,5,,"135 lb || 5 reps","66"
"Barbell Squat",2013-03-03,4,205,,3,,"205 lb || 3 reps","85"
"Barbell Squat",2013-03-03,5,255,,2,,"255 lb || 2 reps","100"
"Barbell Squat",2013-03-03,6,320,,5,,"320 lb || 5 reps","229"
"Barbell Squat",2013-03-03,7,320,,5,,"320 lb || 5 reps","229"
"Barbell Squat",2013-03-03,8,320,,5,,"320 lb || 5 reps","229"
"Barbell Squat",2013-03-05,1,45,,5,,"45 lb || 5 reps","36"
"Barbell Squat",2013-03-05,2,45,,5,,"45 lb || 5 reps","36"
"Barbell Squat",2013-03-05,3,135,,5,,"135 lb || 5 reps","66"
"Barbell Squat",2013-03-05,4,195,,3,,"195 lb || 3 reps","79"
"Barbell Squat",2013-03-05,5,225,,2,,"225 lb || 2 reps","82"
"Barbell Squat",2013-03-05,6,325,,3,,"325 lb || 3 reps","190"
"Barbell Squat",2013-03-05,7,315,,5,,"315 lb || 5 reps","222"
"Barbell Squat",2013-03-05,8,315,,5,,"315 lb || 5 reps","222"
"Barbell Squat",2013-03-08,1,45,,5,,"45 lb || 5 reps","36"
"Barbell Squat",2013-03-08,2,45,,5,,"45 lb || 5 reps","36"
"Barbell Squat",2013-03-08,3,135,,5,,"135 lb || 5 reps","66"
"Barbell Squat",2013-03-08,4,195,,3,,"195 lb || 3 reps","79"
"Barbell Squat",2013-03-08,5,255,,2,,"255 lb || 2 reps","100"
"Barbell Squat",2013-03-08,6,315,,5,,"315 lb || 5 reps","222"
"Barbell Squat",2013-03-08,7,315,,5,,"315 lb || 5 reps","222"
"Barbell Squat",2013-03-08,8,315,,5,,"315 lb || 5 reps","222"
"Barbell Squat",2013-03-09,1,45,,5,,"45 lb || 5 reps","36"
"Barbell Squat",2013-03-09,2,45,,5,,"45 lb || 5 reps","36"
"Barbell Squat",2013-03-09,3,135,,5,,"135 lb || 5 reps","66"
"Barbell Squat",2013-03-09,4,195,,3,,"195 lb || 3 reps","79"
"Barbell Squat",2013-03-09,5,255,,2,,"255 lb || 2 reps","100"
"Barbell Squat",2013-03-09,6,315,,5,,"315 lb || 5 reps","222"
"Barbell Squat",2013-03-09,7,315,,5,,"315 lb || 5 reps","222"
"Barbell Squat",2013-03-09,8,315,,5,,"315 lb || 5 reps","222"
"Barbell Squat",2013-03-11,1,45,,5,,"45 lb || 5 reps","36"
"Barbell Squat",2013-03-11,2,45,,5,,"45 lb || 5 reps","36"
"Barbell Squat",2013-03-11,3,135,,5,,"135 lb || 5 reps","66"
"Barbell Squat",2013-03-11,4,195,,3,,"195 lb || 3 reps","79"
"Barbell Squat",2013-03-11,5,255,,2,,"255 lb || 2 reps","100"
"Barbell Squat",2013-03-11,6,315,,5,,"315 lb || 5 reps","222"
"Barbell Squat",2013-03-11,7,315,,5,,"315 lb || 5 reps","222"
"Barbell Squat",2013-03-11,8,315,,5,,"315 lb || 5 reps","222"
"Barbell Squat",2013-03-13,1,45,,5,,"45 lb || 5 reps","36"
"Barbell Squat",2013-03-13,2,45,,5,,"45 lb || 5 reps","36"
"Barbell Squat",2013-03-13,3,135,,5,,"135 lb || 5 reps","66"
"Barbell Squat",2013-03-13,4,195,,3,,"195 lb || 3 reps","79"
"Barbell Squat",2013-03-13,5,255,,2,,"255 lb || 2 reps","100"
"Barbell Squat",2013-03-13,6,315,,5,,"315 lb || 5 reps","222"
"Barbell Squat",2013-03-13,7,315,,5,,"315 lb || 5 reps","222"
"Barbell Squat",2013-03-13,8,315,,5,,"315 lb || 5 reps","222"
"Barbell Squat",2013-03-15,1,45,,5,,"45 lb || 5 reps","36"
"Barbell Squat",2013-03-15,2,45,,5,,"45 lb || 5 reps","36"
"Barbell Squat",2013-03-15,3,135,,5,,"135 lb || 5 reps","66"
"Barbell Squat",2013-03-15,4,195,,3,,"195 lb || 3 reps","79"
"Barbell Squat",2013-03-15,5,255,,2,,"255 lb || 2 reps","100"
"Barbell Squat",2013-03-15,6,315,,5,,"315 lb || 5 reps","222"
"Barbell Squat",2013-03-15,7,315,,5,,"315 lb || 5 reps","222"
"Barbell Squat",2013-03-15,8,315,,5,,"315 lb || 5 reps","222"
"Barbell Squat",2013-03-21,1,45,,5,,"45 lb || 5 reps","36"
"Barbell Squat",2013-03-21,2,45,,5,,"45 lb || 5 reps","36"
"Barbell Squat",2013-03-21,3,135,,5,,"135 lb || 5 reps","66"
"Barbell Squat",2013-03-21,4,195,,3,,"195 lb || 3 reps","79"
"Barbell Squat",2013-03-21,5,225,,2,,"225 lb || 2 reps","82"
"Barbell Squat",2013-03-21,6,315,,5,,"315 lb || 5 reps","222"
"Barbell Squat",2013-03-21,7,315,,5,,"315 lb || 5 reps","222"
"Barbell Squat",2013-03-21,8,315,,5,,"315 lb || 5 reps","222"
"Barbell Squat",2013-03-23,1,45,,5,,"45 lb || 5 reps","36"
"Barbell Squat",2013-03-23,2,45,,5,,"45 lb || 5 reps","36"
"Barbell Squat",2013-03-23,3,135,,5,,"135 lb || 5 reps","66"
"Barbell Squat",2013-03-23,4,195,,3,,"195 lb || 3 reps","79"
"Barbell Squat",2013-03-23,5,225,,2,,"225 lb || 2 reps","82"
"Barbell Squat",2013-03-23,6,315,,5,,"315 lb || 5 reps","222"
"Barbell Squat",2013-03-23,7,315,,5,,"315 lb || 5 reps","222"
"Barbell Squat",2013-03-23,8,315,,5,,"315 lb || 5 reps","222"
"Barbell Squat",2013-03-25,101,45,,5,,"45 lb || 5 reps","36"
"Barbell Squat",2013-03-25,102,45,,5,,"45 lb || 5 reps","36"
"Barbell Squat",2013-03-25,103,135,,5,,"135 lb || 5 reps","66"
"Barbell Squat",2013-03-25,104,185,,3,,"185 lb || 3 reps","74"
"Barbell Squat",2013-03-25,105,225,,2,,"225 lb || 2 reps","82"
"Barbell Squat",2013-03-25,106,275,,1,,"275 lb || 1 reps","93"
"Barbell Squat",2013-03-25,107,315,,5,,"315 lb || 5 reps","222"
"Barbell Squat",2013-03-25,108,315,,5,,"315 lb || 5 reps","222"
"Barbell Squat",2013-03-25,109,315,,5,,"315 lb || 5 reps","222"
"Barbell Squat",2013-03-28,1,45,,5,,"45 lb || 5 reps","36"
"Barbell Squat",2013-03-28,2,45,,5,,"45 lb || 5 reps","36"
"Barbell Squat",2013-03-28,3,135,,5,,"135 lb || 5 reps","66"
"Barbell Squat",2013-03-28,4,135,,5,,"135 lb || 5 reps","66"
"Barbell Squat",2013-03-28,5,185,,3,,"185 lb || 3 reps","74"
"Barbell Squat",2013-03-28,6,225,,2,,"225 lb || 2 reps","82"
"Barbell Squat",2013-03-28,7,275,,1,,"275 lb || 1 reps","93"
"Barbell Squat",2013-03-28,8,315,,5,,"315 lb || 5 reps","222"
"Barbell Squat",2013-03-28,9,315,,5,,"315 lb || 5 reps","222"
"Barbell Squat",2013-03-28,10,315,,5,,"315 lb || 5 reps","222"
"Barbell Squat",2013-03-29,1,45,,5,,"45 lb || 5 reps","36"
"Barbell Squat",2013-03-29,2,45,,5,,"45 lb || 5 reps","36"
"Barbell Squat",2013-03-29,3,135,,5,,"135 lb || 5 reps","66"
"Barbell Squat",2013-03-29,4,185,,3,,"185 lb || 3 reps","74"
"Barbell Squat",2013-03-29,5,225,,2,,"225 lb || 2 reps","82"
"Barbell Squat",2013-03-29,6,275,,1,,"275 lb || 1 reps","93"
"Barbell Squat",2013-03-29,7,315,,5,,"315 lb || 5 reps","222"
"Barbell Squat",2013-03-29,8,315,,5,,"315 lb || 5 reps","222"
"Barbell Squat",2013-04-03,1,45,,5,,"45 lb || 5 reps","36"
"Barbell Squat",2013-04-03,2,45,,5,,"45 lb || 5 reps","36"
"Barbell Squat",2013-04-03,3,315,,5,,"315 lb || 5 reps","222"
"Barbell Squat",2013-04-03,4,185,,3,,"185 lb || 3 reps","74"
"Barbell Squat",2013-04-03,5,225,,2,,"225 lb || 2 reps","82"
"Barbell Squat",2013-04-03,6,275,,1,,"275 lb || 1 reps","93"
"Barbell Squat",2013-04-03,7,315,,5,,"315 lb || 5 reps","222"
"Barbell Squat",2013-04-03,8,315,,5,,"315 lb || 5 reps","222"
"Barbell Squat",2013-04-03,9,315,,5,,"315 lb || 5 reps","222"
"Barbell Squat",2013-04-04,1,45,,5,,"45 lb || 5 reps","36"
"Barbell Squat",2013-04-04,2,45,,5,,"45 lb || 5 reps","36"
"Barbell Squat",2013-04-04,3,135,,5,,"135 lb || 5 reps","66"
"Barbell Squat",2013-04-04,4,195,,3,,"195 lb || 3 reps","79"
"Barbell Squat",2013-04-04,5,255,,2,,"255 lb || 2 reps","100"
"Barbell Squat",2013-04-04,6,320,,5,,"320 lb || 5 reps","229"
"Barbell Squat",2013-04-04,7,320,,5,,"320 lb || 5 reps","229"
"Barbell Squat",2013-04-04,8,320,,5,,"320 lb || 5 reps","229"
"Barbell Squat",2013-04-06,1,45,,5,,"45 lb || 5 reps","36"
"Barbell Squat",2013-04-06,2,45,,5,,"45 lb || 5 reps","36"
"Barbell Squat",2013-04-06,3,135,,5,,"135 lb || 5 reps","66"
"Barbell Squat",2013-04-06,4,195,,3,,"195 lb || 3 reps","79"
"Barbell Squat",2013-04-06,5,255,,2,,"255 lb || 2 reps","100"
"Barbell Squat",2013-04-06,6,325,,5,,"325 lb || 5 reps","237"
"Barbell Squat",2013-04-06,7,325,,5,,"325 lb || 5 reps","237"
"Barbell Squat",2013-04-06,8,325,,5,,"325 lb || 5 reps","237"
"Barbell Squat",2013-04-09,1,45,,5,,"45 lb || 5 reps","36"
"Barbell Squat",2013-04-09,2,45,,5,,"45 lb || 5 reps","36"
"Barbell Squat",2013-04-09,3,135,,5,,"135 lb || 5 reps","66"
"Barbell Squat",2013-04-09,4,185,,3,,"185 lb || 3 reps","74"
"Barbell Squat",2013-04-09,5,255,,2,,"255 lb || 2 reps","100"
"Barbell Squat",2013-04-09,6,330,,5,,"330 lb || 5 reps","245"
"Barbell Squat",2013-04-09,7,330,,5,,"330 lb || 5 reps","245"
"Barbell Squat",2013-04-09,8,330,,4,,"330 lb || 4 reps","224"
"Barbell Squat",2013-04-11,1,45,,5,,"45 lb || 5 reps","36"
"Barbell Squat",2013-04-11,2,45,,5,,"45 lb || 5 reps","36"
"Barbell Squat",2013-04-11,3,135,,5,,"135 lb || 5 reps","66"
"Barbell Squat",2013-04-11,4,195,,3,,"195 lb || 3 reps","79"
"Barbell Squat",2013-04-11,5,255,,2,,"255 lb || 2 reps","100"
"Barbell Squat",2013-04-11,6,330,,5,,"330 lb || 5 reps","245"
"Barbell Squat",2013-04-11,7,330,,5,,"330 lb || 5 reps","245"
"Barbell Squat",2013-04-13,1,45,,5,,"45 lb || 5 reps","36"
"Barbell Squat",2013-04-13,2,45,,5,,"45 lb || 5 reps","36"
"Barbell Squat",2013-04-13,3,135,,5,,"135 lb || 5 reps","66"
"Barbell Squat",2013-04-13,4,195,,3,,"195 lb || 3 reps","79"
"Barbell Squat",2013-04-13,5,245,,2,,"245 lb || 2 reps","93"
"Barbell Squat",2013-04-13,6,335,,5,,"335 lb || 5 reps","254"
"Barbell Squat",2013-04-13,7,335,,5,,"335 lb || 5 reps","254"
"Barbell Squat",2013-04-13,8,325,,1,,"325 lb || 1 reps","130"
"Barbell Squat",2013-04-13,9,315,,1,,"315 lb || 1 reps","121"
"Barbell Squat",2013-04-16,1,45,,5,,"45 lb || 5 reps","36"
"Barbell Squat",2013-04-16,2,45,,5,,"45 lb || 5 reps","36"
"Barbell Squat",2013-04-16,3,135,,5,,"135 lb || 5 reps","66"
"Barbell Squat",2013-04-16,4,195,,3,,"195 lb || 3 reps","79"
"Barbell Squat",2013-04-16,5,245,,2,,"245 lb || 2 reps","93"
"Barbell Squat",2013-04-16,6,335,,5,,"335 lb || 5 reps","254"
"Barbell Squat",2013-04-16,7,335,,5,,"335 lb || 5 reps","254"
"Barbell Squat",2013-04-16,8,335,,5,,"335 lb || 5 reps","254"
"Barbell Squat",2013-04-19,1,45,,5,,"45 lb || 5 reps","36"
"Barbell Squat",2013-04-19,2,45,,5,,"45 lb || 5 reps","36"
"Barbell Squat",2013-04-19,3,135,,5,,"135 lb || 5 reps","66"
"Barbell Squat",2013-04-19,4,195,,3,,"195 lb || 3 reps","79"
"Barbell Squat",2013-04-19,5,245,,2,,"245 lb || 2 reps","93"
"Barbell Squat",2013-04-19,6,340,,5,,"340 lb || 5 reps","262"
"Barbell Squat",2013-04-19,7,340,,5,,"340 lb || 5 reps","262"
"Barbell Squat",2013-04-19,8,340,,5,,"340 lb || 5 reps","262"
"Barbell Squat",2013-04-21,1,45,,5,,"45 lb || 5 reps","36"
"Barbell Squat",2013-04-21,2,45,,5,,"45 lb || 5 reps","36"
"Barbell Squat",2013-04-21,3,135,,5,,"135 lb || 5 reps","66"
"Barbell Squat",2013-04-21,4,225,,20,,"225 lb || 20 reps","159"
"Barbell Squat",2013-04-24,1,45,,5,,"45 lb || 5 reps","36"
"Barbell Squat",2013-04-24,2,45,,5,,"45 lb || 5 reps","36"
"Barbell Squat",2013-04-24,3,135,,5,,"135 lb || 5 reps","66"
"Barbell Squat",2013-04-24,4,230,,20,,"230 lb || 20 reps","164"
"Barbell Squat",2013-04-26,1,45,,5,,"45 lb || 5 reps","36"
"Barbell Squat",2013-04-26,2,45,,5,,"45 lb || 5 reps","36"
"Barbell Squat",2013-04-26,3,135,,5,,"135 lb || 5 reps","66"
"Barbell Squat",2013-04-26,4,195,,3,,"195 lb || 3 reps","79"
"Barbell Squat",2013-04-26,5,245,,2,,"245 lb || 2 reps","93"
"Barbell Squat",2013-04-26,6,345,,5,,"345 lb || 5 reps","271"
"Barbell Squat",2013-04-26,7,345,,4,,"345 lb || 4 reps","248"
"Barbell Squat",2013-04-26,8,345,,3,,"345 lb || 3 reps","218"
"Barbell Squat",2013-04-27,1,45,,5,,"45 lb || 5 reps","36"
"Barbell Squat",2013-04-27,2,45,,5,,"45 lb || 5 reps","36"
"Barbell Squat",2013-04-27,3,135,,5,,"135 lb || 5 reps","66"
"Barbell Squat",2013-04-27,4,205,,3,,"205 lb || 3 reps","85"
"Barbell Squat",2013-04-27,5,275,,2,,"275 lb || 2 reps","114"
"Barbell Squat",2013-04-27,6,345,,3,,"345 lb || 3 reps","218"
"Barbell Squat",2013-04-27,7,335,,5,,"335 lb || 5 reps","254"
"Barbell Squat",2013-04-27,8,315,,5,,"315 lb || 5 reps","222"
"Barbell Squat",2013-04-29,1,45,,5,,"45 lb || 5 reps","36"
"Barbell Squat",2013-04-29,2,45,,5,,"45 lb || 5 reps","36"
"Barbell Squat",2013-04-29,3,135,,5,,"135 lb || 5 reps","66"
"Barbell Squat",2013-04-29,4,195,,3,,"195 lb || 3 reps","79"
"Barbell Squat",2013-04-29,5,275,,2,,"275 lb || 2 reps","114"
"Barbell Squat",2013-04-29,6,335,,5,,"335 lb || 5 reps","254"
"Barbell Squat",2013-04-29,7,335,,5,,"335 lb || 5 reps","254"
"Barbell Squat",2013-04-29,8,335,,3,,"335 lb || 3 reps","203"
"Barbell Squat",2013-05-02,1,45,,5,,"45 lb || 5 reps","36"
"Barbell Squat",2013-05-02,2,45,,5,,"45 lb || 5 reps","36"
"Barbell Squat",2013-05-02,3,135,,5,,"135 lb || 5 reps","66"
"Barbell Squat",2013-05-02,4,185,,3,,"185 lb || 3 reps","74"
"Barbell Squat",2013-05-02,5,225,,2,,"225 lb || 2 reps","82"
"Barbell Squat",2013-05-02,6,275,,1,,"275 lb || 1 reps","93"
"Barbell Squat",2013-05-02,7,315,,5,,"315 lb || 5 reps","222"
"Barbell Squat",2013-05-02,8,315,,5,,"315 lb || 5 reps","222"
"Barbell Squat",2013-05-02,9,315,,5,,"315 lb || 5 reps","222"
"Barbell Squat",2013-05-04,101,45,,5,,"45 lb || 5 reps","36"
"Barbell Squat",2013-05-04,102,45,,5,,"45 lb || 5 reps","36"
"Barbell Squat",2013-05-04,103,135,,5,,"135 lb || 5 reps","66"
"Barbell Squat",2013-05-04,104,185,,3,,"185 lb || 3 reps","74"
"Barbell Squat",2013-05-04,105,225,,2,,"225 lb || 2 reps","82"
"Barbell Squat",2013-05-04,106,275,,1,,"275 lb || 1 reps","93"
"Barbell Squat",2013-05-04,107,315,,5,,"315 lb || 5 reps","222"
"Barbell Squat",2013-05-04,108,315,,5,,"315 lb || 5 reps","222"
"Barbell Squat",2013-05-04,109,315,,5,,"315 lb || 5 reps","222"
"Barbell Squat",2013-05-04,110,225,,10,,"225 lb || 10 reps","142"
"Barbell Squat",2013-05-10,101,45,,5,,"45 lb || 5 reps","36"
"Barbell Squat",2013-05-10,102,45,,5,,"45 lb || 5 reps","36"
"Barbell Squat",2013-05-10,103,135,,5,,"135 lb || 5 reps","66"
"Barbell Squat",2013-05-10,104,225,,20,,"225 lb || 20 reps","159"
"Barbell Squat",2013-05-14,1,45,,5,,"45 lb || 5 reps","36"
"Barbell Squat",2013-05-14,2,45,,5,,"45 lb || 5 reps","36"
"Barbell Squat",2013-05-14,3,135,,5,,"135 lb || 5 reps","66"
"Barbell Squat",2013-05-14,4,225,,20,,"225 lb || 20 reps","159"
"Barbell Squat",2013-05-21,1,45,,5,,"45 lb || 5 reps","36"
"Barbell Squat",2013-05-21,2,45,,5,,"45 lb || 5 reps","36"
"Barbell Squat",2013-05-21,3,135,,5,,"135 lb || 5 reps","66"
"Barbell Squat",2013-05-21,4,225,,20,,"225 lb || 20 reps","159"
"Barbell Squat",2013-05-29,1,45,,5,,"45 lb || 5 reps","36"
"Barbell Squat",2013-05-29,2,45,,5,,"45 lb || 5 reps","36"
"Barbell Squat",2013-05-29,3,135,,5,,"135 lb || 5 reps","66"
"Barbell Squat",2013-05-29,4,225,,20,,"225 lb || 20 reps","159"
"Barbell Squat",2013-05-31,1,45,,5,,"45 lb || 5 reps","36"
"Barbell Squat",2013-05-31,2,45,,5,,"45 lb || 5 reps","36"
"Barbell Squat",2013-05-31,3,135,,5,,"135 lb || 5 reps","66"
"Barbell Squat",2013-05-31,4,225,,20,,"225 lb || 20 reps","159"
"Barbell Squat",2013-06-05,101,45,,5,,"45 lb || 5 reps","36"
"Barbell Squat",2013-06-05,102,45,,5,,"45 lb || 5 reps","36"
"Barbell Squat",2013-06-05,103,135,,5,,"135 lb || 5 reps","66"
"Barbell Squat",2013-06-05,104,230,,20,,"230 lb || 20 reps","164"
"Barbell Squat",2013-06-07,101,45,,5,,"45 lb || 5 reps","36"
"Barbell Squat",2013-06-07,102,45,,5,,"45 lb || 5 reps","36"
"Barbell Squat",2013-06-07,103,135,,5,,"135 lb || 5 reps","66"
"Barbell Squat",2013-06-07,104,230,,20,,"230 lb || 20 reps","164"
"Barbell Squat",2013-06-12,101,45,,5,,"45 lb || 5 reps","36"
"Barbell Squat",2013-06-12,102,45,,5,,"45 lb || 5 reps","36"
"Barbell Squat",2013-06-12,103,135,,5,,"135 lb || 5 reps","66"
"Barbell Squat",2013-06-12,104,235,,20,,"235 lb || 20 reps","170"
"Barbell Squat",2013-06-21,1,45,,5,,"45 lb || 5 reps","36"
"Barbell Squat",2013-06-21,2,45,,5,,"45 lb || 5 reps","36"
"Barbell Squat",2013-06-21,3,135,,5,,"135 lb || 5 reps","66"
"Barbell Squat",2013-06-21,4,235,,20,,"235 lb || 20 reps","170"
"Barbell Squat",2013-06-26,1,45,,5,,"45 lb || 5 reps","36"
"Barbell Squat",2013-06-26,2,45,,5,,"45 lb || 5 reps","36"
"Barbell Squat",2013-06-26,3,135,,5,,"135 lb || 5 reps","66"
"Barbell Squat",2013-06-26,4,240,,20,,"240 lb || 20 reps","176"
"Barbell Squat",2013-06-28,1,45,,5,,"45 lb || 5 reps","36"
"Barbell Squat",2013-06-28,2,45,,5,,"45 lb || 5 reps","36"
"Barbell Squat",2013-06-28,3,135,,5,,"135 lb || 5 reps","66"
"Barbell Squat",2013-06-28,4,240,,20,,"240 lb || 20 reps","176"
"Barbell Squat",2013-07-01,1,45,,5,,"45 lb || 5 reps","36"
"Barbell Squat",2013-07-01,2,135,,5,,"135 lb || 5 reps","66"
"Barbell Squat",2013-07-01,3,185,,5,,"185 lb || 5 reps","92"
"Barbell Squat",2013-07-01,4,225,,5,,"225 lb || 5 reps","121"
"Barbell Squat",2013-07-01,5,275,,5,,"275 lb || 5 reps","169"
"Barbell Squat",2013-07-08,1,45,,5,,"45 lb || 5 reps","36"
"Barbell Squat",2013-07-08,2,45,,5,,"45 lb || 5 reps","36"
"Barbell Squat",2013-07-08,3,135,,5,,"135 lb || 5 reps","66"
"Barbell Squat",2013-07-08,4,185,,5,,"185 lb || 5 reps","92"
"Barbell Squat",2013-07-08,5,225,,5,,"225 lb || 5 reps","121"
"Barbell Squat",2013-07-08,6,275,,5,,"275 lb || 5 reps","169"
"Barbell Squat",2013-07-10,1,45,,5,,"45 lb || 5 reps","36"
"Barbell Squat",2013-07-10,2,45,,5,,"45 lb || 5 reps","36"
"Barbell Squat",2013-07-10,3,135,,5,,"135 lb || 5 reps","66"
"Barbell Squat",2013-07-10,4,185,,5,,"185 lb || 5 reps","92"
"Barbell Squat",2013-07-10,5,225,,5,,"225 lb || 5 reps","121"
"Barbell Squat",2013-07-10,6,280,,5,,"280 lb || 5 reps","175"
"Barbell Squat",2013-07-17,1,45,,5,,"45 lb || 5 reps","36"
"Barbell Squat",2013-07-17,2,45,,5,,"45 lb || 5 reps","36"
"Barbell Squat",2013-07-17,3,135,,5,,"135 lb || 5 reps","66"
"Barbell Squat",2013-07-17,4,185,,5,,"185 lb || 5 reps","92"
"Barbell Squat",2013-07-17,5,225,,5,,"225 lb || 5 reps","121"
"Barbell Squat",2013-07-17,6,275,,5,,"275 lb || 5 reps","169"
"Barbell Squat",2013-07-17,7,285,,5,,"285 lb || 5 reps","181"
"Barbell Squat",2013-07-24,1,45,,5,,"45 lb || 5 reps","36"
"Barbell Squat",2013-07-24,2,45,,5,,"45 lb || 5 reps","36"
"Barbell Squat",2013-07-24,3,135,,5,,"135 lb || 5 reps","66"
"Barbell Squat",2013-07-24,4,185,,5,,"185 lb || 5 reps","92"
"Barbell Squat",2013-07-24,5,225,,5,,"225 lb || 5 reps","121"
"Barbell Squat",2013-07-24,6,275,,5,,"275 lb || 5 reps","169"
"Barbell Squat",2013-07-24,7,295,,5,,"295 lb || 5 reps","194"
"Barbell Squat",2013-07-24,8,305,,1,,"305 lb || 1 reps","113"
"Barbell Squat",2013-07-24,9,315,,1,,"315 lb || 1 reps","121"
"Barbell Squat",2013-07-29,1,45,,5,,"45 lb || 5 reps","36"
"Barbell Squat",2013-07-29,2,45,,5,,"45 lb || 5 reps","36"
"Barbell Squat",2013-07-29,3,135,,5,,"135 lb || 5 reps","66"
"Barbell Squat",2013-07-29,4,185,,5,,"185 lb || 5 reps","92"
"Barbell Squat",2013-07-29,5,225,,5,,"225 lb || 5 reps","121"
"Barbell Squat",2013-07-29,6,275,,5,,"275 lb || 5 reps","169"
"Barbell Squat",2013-07-29,7,295,,5,,"295 lb || 5 reps","194"
"Barbell Squat",2013-08-02,1,45,,5,,"45 lb || 5 reps","36"
"Barbell Squat",2013-08-02,2,45,,5,,"45 lb || 5 reps","36"
"Barbell Squat",2013-08-02,3,135,,5,,"135 lb || 5 reps","66"
"Barbell Squat",2013-08-02,4,185,,5,,"185 lb || 5 reps","92"
"Barbell Squat",2013-08-02,5,225,,5,,"225 lb || 5 reps","121"
"Barbell Squat",2013-08-02,6,275,,5,,"275 lb || 5 reps","169"
"Barbell Squat",2013-08-02,7,300,,5,,"300 lb || 5 reps","200"
"Barbell Squat",2013-08-05,1,45,,5,,"45 lb || 5 reps","36"
"Barbell Squat",2013-08-05,2,45,,5,,"45 lb || 5 reps","36"
"Barbell Squat",2013-08-05,3,135,,5,,"135 lb || 5 reps","66"
"Barbell Squat",2013-08-05,4,185,,5,,"185 lb || 5 reps","92"
"Barbell Squat",2013-08-05,5,225,,5,,"225 lb || 5 reps","121"
"Barbell Squat",2013-08-05,6,275,,5,,"275 lb || 5 reps","169"
"Barbell Squat",2013-08-05,7,305,,5,,"305 lb || 5 reps","207"
"Barbell Squat",2013-08-05,8,315,,1,,"315 lb || 1 reps","121"
"Barbell Squat",2013-08-07,1,45,,5,,"45 lb || 5 reps","36"
"Barbell Squat",2013-08-07,2,45,,5,,"45 lb || 5 reps","36"
"Barbell Squat",2013-08-07,3,135,,5,,"135 lb || 5 reps","66"
"Barbell Squat",2013-08-07,4,225,,5,,"225 lb || 5 reps","121"
"Barbell Squat",2013-08-07,5,305,,5,,"305 lb || 5 reps","207"
"Barbell Squat",2013-08-09,1,45,,5,,"45 lb || 5 reps","36"
"Barbell Squat",2013-08-09,2,45,,5,,"45 lb || 5 reps","36"
"Barbell Squat",2013-08-09,3,135,,5,,"135 lb || 5 reps","66"
"Barbell Squat",2013-08-09,4,185,,5,,"185 lb || 5 reps","92"
"Barbell Squat",2013-08-09,5,225,,5,,"225 lb || 5 reps","121"
"Barbell Squat",2013-08-09,6,275,,5,,"275 lb || 5 reps","169"
"Barbell Squat",2013-08-09,7,315,,5,,"315 lb || 5 reps","222"
"Barbell Squat",2013-08-09,8,325,,1,,"325 lb || 1 reps","130"
"Barbell Squat",2013-08-12,1,45,,5,,"45 lb || 5 reps","36"
"Barbell Squat",2013-08-12,2,45,,5,,"45 lb || 5 reps","36"
"Barbell Squat",2013-08-12,3,135,,5,,"135 lb || 5 reps","66"
"Barbell Squat",2013-08-12,4,225,,5,,"225 lb || 5 reps","121"
"Barbell Squat",2013-08-12,5,315,,5,,"315 lb || 5 reps","222"
"Barbell Squat",2013-08-16,1,45,,5,,"45 lb || 5 reps","36"
"Barbell Squat",2013-08-16,2,45,,5,,"45 lb || 5 reps","36"
"Barbell Squat",2013-08-16,3,135,,5,,"135 lb || 5 reps","66"
"Barbell Squat",2013-08-16,4,185,,5,,"185 lb || 5 reps","92"
"Barbell Squat",2013-08-16,5,225,,5,,"225 lb || 5 reps","121"
"Barbell Squat",2013-08-16,6,275,,5,,"275 lb || 5 reps","169"
"Barbell Squat",2013-08-16,7,320,,5,,"320 lb || 5 reps","229"
"Barbell Squat",2013-08-19,1,45,,5,,"45 lb || 5 reps","36"
"Barbell Squat",2013-08-19,2,45,,5,,"45 lb || 5 reps","36"
"Barbell Squat",2013-08-19,3,135,,5,,"135 lb || 5 reps","66"
"Barbell Squat",2013-08-19,4,185,,5,,"185 lb || 5 reps","92"
"Barbell Squat",2013-08-19,5,225,,5,,"225 lb || 5 reps","121"
"Barbell Squat",2013-08-19,6,275,,5,,"275 lb || 5 reps","169"
"Barbell Squat",2013-08-19,7,325,,5,,"325 lb || 5 reps","237"
"Barbell Squat",2013-08-21,1,45,,5,,"45 lb || 5 reps","36"
"Barbell Squat",2013-08-21,2,45,,5,,"45 lb || 5 reps","36"
"Barbell Squat",2013-08-21,3,135,,10,,"135 lb || 10 reps","77"
"Barbell Squat",2013-08-21,4,225,,8,,"225 lb || 8 reps","137"
"Barbell Squat",2013-08-21,5,325,,5,,"325 lb || 5 reps","237"
"Barbell Squat",2013-08-23,1,45,,5,,"45 lb || 5 reps","36"
"Barbell Squat",2013-08-23,2,45,,5,,"45 lb || 5 reps","36"
"Barbell Squat",2013-08-23,3,135,,5,,"135 lb || 5 reps","66"
"Barbell Squat",2013-08-23,4,185,,5,,"185 lb || 5 reps","92"
"Barbell Squat",2013-08-23,5,225,,5,,"225 lb || 5 reps","121"
"Barbell Squat",2013-08-23,6,275,,5,,"275 lb || 5 reps","169"
"Barbell Squat",2013-08-23,7,325,,5,,"325 lb || 5 reps","237"
"Barbell Squat",2013-09-04,1,45,,5,,"45 lb || 5 reps","36"
"Barbell Squat",2013-09-04,2,45,,5,,"45 lb || 5 reps","36"
"Barbell Squat",2013-09-04,3,135,,5,,"135 lb || 5 reps","66"
"Barbell Squat",2013-09-04,4,185,,5,,"185 lb || 5 reps","92"
"Barbell Squat",2013-09-04,5,225,,5,,"225 lb || 5 reps","121"
"Barbell Squat",2013-09-04,6,275,,5,,"275 lb || 5 reps","169"
"Barbell Squat",2013-09-04,7,325,,5,,"325 lb || 5 reps","237"
"Barbell Squat",2013-09-06,1,45,,5,,"45 lb || 5 reps","36"
"Barbell Squat",2013-09-06,2,45,,5,,"45 lb || 5 reps","36"
"Barbell Squat",2013-09-06,3,135,,5,,"135 lb || 5 reps","66"
"Barbell Squat",2013-09-06,4,185,,5,,"185 lb || 5 reps","92"
"Barbell Squat",2013-09-06,5,225,,5,,"225 lb || 5 reps","121"
"Barbell Squat",2013-09-06,6,275,,5,,"275 lb || 5 reps","169"
"Barbell Squat",2013-09-06,7,315,,8,,"315 lb || 8 reps","252"
"Barbell Squat",2013-09-07,1,45,,1,,"45 lb || 1 reps","19"
"Barbell Squat",2013-09-07,2,45,,5,,"45 lb || 5 reps","36"
"Barbell Squat",2013-09-07,3,95,,5,,"95 lb || 5 reps","50"
"Barbell Squat",2013-09-07,4,115,,5,,"115 lb || 5 reps","57"
"Barbell Squat",2013-09-07,5,135,,5,,"135 lb || 5 reps","66"
"Barbell Squat",2013-09-07,6,225,,10,,"225 lb || 10 reps","142"
"Barbell Squat",2013-09-09,1,45,,5,,"45 lb || 5 reps","36"
"Barbell Squat",2013-09-09,2,45,,5,,"45 lb || 5 reps","36"
"Barbell Squat",2013-09-09,3,135,,5,,"135 lb || 5 reps","66"
"Barbell Squat",2013-09-09,4,185,,5,,"185 lb || 5 reps","92"
"Barbell Squat",2013-09-09,5,225,,5,,"225 lb || 5 reps","121"
"Barbell Squat",2013-09-09,6,275,,5,,"275 lb || 5 reps","169"
"Barbell Squat",2013-09-09,7,315,,1,,"315 lb || 1 reps","121"
"Barbell Squat",2013-09-09,8,325,,5,,"325 lb || 5 reps","237"
"Barbell Squat",2013-09-11,1,95,,5,,"95 lb || 5 reps","50"
"Barbell Squat",2013-09-11,2,135,,5,,"135 lb || 5 reps","66"
"Barbell Squat",2013-09-11,3,185,,5,,"185 lb || 5 reps","92"
"Barbell Squat",2013-09-11,4,225,,5,,"225 lb || 5 reps","121"
"Barbell Squat",2013-09-11,5,275,,5,,"275 lb || 5 reps","169"
"Barbell Squat",2013-09-16,1,45,,5,,"45 lb || 5 reps","36"
"Barbell Squat",2013-09-16,2,45,,5,,"45 lb || 5 reps","36"
"Barbell Squat",2013-09-16,3,135,,5,,"135 lb || 5 reps","66"
"Barbell Squat",2013-09-16,4,185,,5,,"185 lb || 5 reps","92"
"Barbell Squat",2013-09-16,5,225,,5,,"225 lb || 5 reps","121"
"Barbell Squat",2013-09-16,6,275,,5,,"275 lb || 5 reps","169"
"Barbell Squat",2013-09-20,101,45,,5,,"45 lb || 5 reps","36"
"Barbell Squat",2013-09-20,102,45,,5,,"45 lb || 5 reps","36"
"Barbell Squat",2013-09-20,103,135,,5,,"135 lb || 5 reps","66"
"Barbell Squat",2013-09-20,104,185,,5,,"185 lb || 5 reps","92"
"Barbell Squat",2013-09-20,105,225,,5,,"225 lb || 5 reps","121"
"Barbell Squat",2013-09-20,106,225,,5,,"225 lb || 5 reps","121"
"Barbell Squat",2013-09-25,1,145,,5,,"145 lb || 5 reps","70"
"Barbell Squat",2013-09-25,2,135,,5,,"135 lb || 5 reps","66"
"Barbell Squat",2013-09-25,3,185,,5,,"185 lb || 5 reps","92"
"Barbell Squat",2013-09-25,4,225,,5,,"225 lb || 5 reps","121"
"Barbell Squat",2013-09-28,1,45,,5,,"45 lb || 5 reps","36"
"Barbell Squat",2013-09-28,2,45,,5,,"45 lb || 5 reps","36"
"Barbell Squat",2013-09-28,3,135,,5,,"135 lb || 5 reps","66"
"Barbell Squat",2013-09-28,4,185,,5,,"185 lb || 5 reps","92"
"Barbell Squat",2013-09-28,5,225,,5,,"225 lb || 5 reps","121"
"Barbell Squat",2013-09-28,6,275,,5,,"275 lb || 5 reps","169"
"Barbell Squat",2013-09-30,1,45,,5,,"45 lb || 5 reps","36"
"Barbell Squat",2013-09-30,2,45,,5,,"45 lb || 5 reps","36"
"Barbell Squat",2013-09-30,3,135,,5,,"135 lb || 5 reps","66"
"Barbell Squat",2013-09-30,4,185,,5,,"185 lb || 5 reps","92"
"Barbell Squat",2013-09-30,5,225,,5,,"225 lb || 5 reps","121"
"Barbell Squat",2013-09-30,6,275,,5,,"275 lb || 5 reps","169"
"Barbell Squat",2013-10-04,1,45,,5,,"45 lb || 5 reps","36"
"Barbell Squat",2013-10-04,2,135,,5,,"135 lb || 5 reps","66"
"Barbell Squat",2013-10-04,3,185,,5,,"185 lb || 5 reps","92"
"Barbell Squat",2013-10-04,4,225,,5,,"225 lb || 5 reps","121"
"Barbell Squat",2013-10-07,1,45,,5,,"45 lb || 5 reps","36"
"Barbell Squat",2013-10-07,2,45,,5,,"45 lb || 5 reps","36"
"Barbell Squat",2013-10-07,3,135,,5,,"135 lb || 5 reps","66"
"Barbell Squat",2013-10-07,4,185,,5,,"185 lb || 5 reps","92"
"Barbell Squat",2013-10-07,5,225,,5,,"225 lb || 5 reps","121"
"Barbell Squat",2013-10-07,6,275,,5,,"275 lb || 5 reps","169"
"Barbell Squat",2013-10-09,101,45,,5,,"45 lb || 5 reps","36"
"Barbell Squat",2013-10-09,102,135,,5,,"135 lb || 5 reps","66"
"Barbell Squat",2013-10-09,103,185,,5,,"185 lb || 5 reps","92"
"Barbell Squat",2013-10-09,104,225,,5,,"225 lb || 5 reps","121"
"Barbell Squat",2013-10-09,105,275,,5,,"275 lb || 5 reps","169"
"Barbell Squat",2013-10-09,106,295,,5,,"295 lb || 5 reps","194"
"Barbell Squat",2013-10-11,1,45,,5,,"45 lb || 5 reps","36"
"Barbell Squat",2013-10-11,2,135,,5,,"135 lb || 5 reps","66"
"Barbell Squat",2013-10-11,3,185,,5,,"185 lb || 5 reps","92"
"Barbell Squat",2013-10-11,4,225,,5,,"225 lb || 5 reps","121"
"Barbell Squat",2013-10-11,5,275,,5,,"275 lb || 5 reps","169"
"Barbell Squat",2013-10-11,6,295,,5,,"295 lb || 5 reps","194"
"Barbell Squat",2013-10-14,1,45,,5,,"45 lb || 5 reps","36"
"Barbell Squat",2013-10-14,2,135,,5,,"135 lb || 5 reps","66"
"Barbell Squat",2013-10-14,3,185,,5,,"185 lb || 5 reps","92"
"Barbell Squat",2013-10-14,4,225,,5,,"225 lb || 5 reps","121"
"Barbell Squat",2013-10-14,5,275,,5,,"275 lb || 5 reps","169"
"Barbell Squat",2013-10-14,6,300,,5,,"300 lb || 5 reps","200"
"Barbell Squat",2013-10-16,1,95,,5,,"95 lb || 5 reps","50"
"Barbell Squat",2013-10-16,2,135,,5,,"135 lb || 5 reps","66"
"Barbell Squat",2013-10-16,3,185,,5,,"185 lb || 5 reps","92"
"Barbell Squat",2013-10-16,4,225,,5,,"225 lb || 5 reps","121"
"Barbell Squat",2013-10-16,5,275,,5,,"275 lb || 5 reps","169"
"Barbell Squat",2013-10-16,6,300,,5,,"300 lb || 5 reps","200"
"Barbell Squat",2013-10-19,1,135,,5,,"135 lb || 5 reps","66"
"Barbell Squat",2013-10-19,2,135,,5,,"135 lb || 5 reps","66"
"Barbell Squat",2013-10-19,3,185,,5,,"185 lb || 5 reps","92"
"Barbell Squat",2013-10-19,4,225,,5,,"225 lb || 5 reps","121"
"Barbell Squat",2013-10-19,5,275,,5,,"275 lb || 5 reps","169"
"Barbell Squat",2013-10-19,6,300,,5,,"300 lb || 5 reps","200"
"Barbell Squat",2013-10-21,1,135,,5,,"135 lb || 5 reps","66"
"Barbell Squat",2013-10-21,2,135,,5,,"135 lb || 5 reps","66"
"Barbell Squat",2013-10-21,3,185,,5,,"185 lb || 5 reps","92"
"Barbell Squat",2013-10-21,4,225,,5,,"225 lb || 5 reps","121"
"Barbell Squat",2013-10-21,5,275,,5,,"275 lb || 5 reps","169"
"Barbell Squat",2013-10-21,6,315,,5,,"315 lb || 5 reps","222"
"Barbell Squat",2013-10-23,1,135,,5,,"135 lb || 5 reps","66"
"Barbell Squat",2013-10-23,1,135,,5,,"135 lb || 5 reps","66"
"Barbell Squat",2013-10-23,2,135,,5,,"135 lb || 5 reps","66"
"Barbell Squat",2013-10-23,2,135,,5,,"135 lb || 5 reps","66"
"Barbell Squat",2013-10-23,3,185,,5,,"185 lb || 5 reps","92"
"Barbell Squat",2013-10-23,3,185,,5,,"185 lb || 5 reps","92"
"Barbell Squat",2013-10-23,4,225,,5,,"225 lb || 5 reps","121"
"Barbell Squat",2013-10-23,4,225,,5,,"225 lb || 5 reps","121"
"Barbell Squat",2013-10-23,5,275,,5,,"275 lb || 5 reps","169"
"Barbell Squat",2013-10-23,5,275,,5,,"275 lb || 5 reps","169"
"Barbell Squat",2013-10-26,1,135,,5,,"135 lb || 5 reps","66"
"Barbell Squat",2013-10-26,2,135,,5,,"135 lb || 5 reps","66"
"Barbell Squat",2013-10-26,3,185,,5,,"185 lb || 5 reps","92"
"Barbell Squat",2013-10-26,4,225,,5,,"225 lb || 5 reps","121"
"Barbell Squat",2013-10-26,5,275,,5,,"275 lb || 5 reps","169"
"Barbell Squat",2013-10-26,6,315,,5,,"315 lb || 5 reps","222"
"Barbell Squat",2013-10-28,1,135,,5,,"135 lb || 5 reps","66"
"Barbell Squat",2013-10-28,2,135,,5,,"135 lb || 5 reps","66"
"Barbell Squat",2013-10-28,3,185,,5,,"185 lb || 5 reps","92"
"Barbell Squat",2013-10-28,4,225,,5,,"225 lb || 5 reps","121"
"Barbell Squat",2013-10-28,5,275,,5,,"275 lb || 5 reps","169"
"Barbell Squat",2013-10-28,6,315,,5,,"315 lb || 5 reps","222"
"Barbell Squat",2013-10-30,1,135,,5,,"135 lb || 5 reps","66"
"Barbell Squat",2013-10-30,2,135,,5,,"135 lb || 5 reps","66"
"Barbell Squat",2013-10-30,3,185,,5,,"185 lb || 5 reps","92"
"Barbell Squat",2013-10-30,4,225,,5,,"225 lb || 5 reps","121"
"Barbell Squat",2013-10-30,5,275,,5,,"275 lb || 5 reps","169"
"Barbell Squat",2013-10-30,6,315,,5,,"315 lb || 5 reps","222"
"Barbell Squat",2013-11-01,1,135,,5,,"135 lb || 5 reps","66"
"Barbell Squat",2013-11-01,2,135,,5,,"135 lb || 5 reps","66"
"Barbell Squat",2013-11-01,3,185,,5,,"185 lb || 5 reps","92"
"Barbell Squat",2013-11-01,4,225,,5,,"225 lb || 5 reps","121"
"Barbell Squat",2013-11-01,5,275,,5,,"275 lb || 5 reps","169"
"Barbell Squat",2013-11-01,6,315,,5,,"315 lb || 5 reps","222"
"Barbell Squat",2013-11-04,1,135,,5,,"135 lb || 5 reps","66"
"Barbell Squat",2013-11-04,2,135,,5,,"135 lb || 5 reps","66"
"Barbell Squat",2013-11-04,3,185,,5,,"185 lb || 5 reps","92"
"Barbell Squat",2013-11-04,4,225,,5,,"225 lb || 5 reps","121"
"Barbell Squat",2013-11-04,5,275,,5,,"275 lb || 5 reps","169"
"Barbell Squat",2013-11-04,6,315,,6,,"315 lb || 6 reps","235"
"Barbell Squat",2013-11-06,1,135,,10,,"135 lb || 10 reps","77"
"Barbell Squat",2013-11-06,2,225,,10,,"225 lb || 10 reps","142"
"Barbell Squat",2013-11-06,3,275,,5,,"275 lb || 5 reps","169"
"Barbell Squat",2013-11-06,4,315,,6,,"315 lb || 6 reps","235"
"Barbell Squat",2013-11-09,1,135,,5,,"135 lb || 5 reps","66"
"Barbell Squat",2013-11-09,2,135,,5,,"135 lb || 5 reps","66"
"Barbell Squat",2013-11-09,3,185,,5,,"185 lb || 5 reps","92"
"Barbell Squat",2013-11-09,4,225,,5,,"225 lb || 5 reps","121"
"Barbell Squat",2013-11-09,5,275,,5,,"275 lb || 5 reps","169"
"Barbell Squat",2013-11-09,6,315,,6,,"315 lb || 6 reps","235"
"Barbell Squat",2013-11-11,1,135,,5,,"135 lb || 5 reps","66"
"Barbell Squat",2013-11-11,2,135,,5,,"135 lb || 5 reps","66"
"Barbell Squat",2013-11-11,3,185,,5,,"185 lb || 5 reps","92"
"Barbell Squat",2013-11-11,4,225,,5,,"225 lb || 5 reps","121"
"Barbell Squat",2013-11-11,5,275,,5,,"275 lb || 5 reps","169"
"Barbell Squat",2013-11-11,6,315,,7,,"315 lb || 7 reps","245"
"Barbell Squat",2013-11-16,1,135,,5,,"135 lb || 5 reps","66"
"Barbell Squat",2013-11-16,2,135,,5,,"135 lb || 5 reps","66"
"Barbell Squat",2013-11-16,3,185,,5,,"185 lb || 5 reps","92"
"Barbell Squat",2013-11-16,4,225,,5,,"225 lb || 5 reps","121"
"Barbell Squat",2013-11-16,5,275,,5,,"275 lb || 5 reps","169"
"Barbell Squat",2013-11-16,6,315,,8,,"315 lb || 8 reps","252"
"Barbell Squat",2013-11-25,1,135,,5,,"135 lb || 5 reps","66"
"Barbell Squat",2013-11-25,2,135,,10,,"135 lb || 10 reps","77"
"Barbell Squat",2013-11-25,3,225,,5,,"225 lb || 5 reps","121"
"Barbell Squat",2013-11-25,4,315,,5,,"315 lb || 5 reps","222"
"Barbell Squat",2013-11-27,1,135,,5,,"135 lb || 5 reps","66"
"Barbell Squat",2013-11-27,2,225,,5,,"225 lb || 5 reps","121"
"Barbell Squat",2013-11-27,3,315,,5,,"315 lb || 5 reps","222"
"Barbell Squat",2013-11-27,4,325,,5,,"325 lb || 5 reps","237"
"Barbell Squat",2013-12-16,1,45,,5,,"45 lb || 5 reps","36"
"Barbell Squat",2013-12-16,2,135,,5,,"135 lb || 5 reps","66"
"Barbell Squat",2013-12-16,3,185,,5,,"185 lb || 5 reps","92"
"Barbell Squat",2013-12-16,4,225,,5,,"225 lb || 5 reps","121"
"Barbell Squat",2013-12-16,5,275,,5,,"275 lb || 5 reps","169"
"Barbell Squat",2013-12-16,6,315,,5,,"315 lb || 5 reps","222"
"Barbell Squat",2013-12-16,7,325,,4,,"325 lb || 4 reps","216"
"Barbell Squat",2013-12-18,1,135,,5,,"135 lb || 5 reps","66"
"Barbell Squat",2013-12-18,2,185,,5,,"185 lb || 5 reps","92"
"Barbell Squat",2013-12-18,3,225,,5,,"225 lb || 5 reps","121"
"Barbell Squat",2013-12-18,4,275,,5,,"275 lb || 5 reps","169"
"Barbell Squat",2013-12-18,5,315,,5,,"315 lb || 5 reps","222"
"Barbell Squat",2013-12-20,1,135,,5,,"135 lb || 5 reps","66"
"Barbell Squat",2013-12-20,2,185,,5,,"185 lb || 5 reps","92"
"Barbell Squat",2013-12-20,3,225,,5,,"225 lb || 5 reps","121"
"Barbell Squat",2013-12-20,4,275,,5,,"275 lb || 5 reps","169"
"Barbell Squat",2013-12-20,5,315,,5,,"315 lb || 5 reps","222"
"Barbell Squat",2013-12-20,6,325,,3,,"325 lb || 3 reps","190"
"Barbell Squat",2013-12-20,7,335,,2,,"335 lb || 2 reps","172"
"Barbell Squat",2013-12-20,8,345,,1,,"345 lb || 1 reps","148"
"Barbell Squat",2013-12-20,9,350,,1,,"350 lb || 1 reps","154"
"Barbell Squat",2014-01-13,1,135,,5,,"135 lb || 5 reps","66"
"Barbell Squat",2014-01-13,2,185,,5,,"185 lb || 5 reps","92"
"Barbell Squat",2014-01-13,3,225,,5,,"225 lb || 5 reps","121"
"Barbell Squat",2014-01-13,4,275,,5,,"275 lb || 5 reps","169"
"Barbell Squat",2014-01-13,5,315,,5,,"315 lb || 5 reps","222"
"Barbell Squat",2014-01-15,1,135,,5,,"135 lb || 5 reps","66"
"Barbell Squat",2014-01-15,2,185,,5,,"185 lb || 5 reps","92"
"Barbell Squat",2014-01-15,3,225,,5,,"225 lb || 5 reps","121"
"Barbell Squat",2014-01-15,4,275,,5,,"275 lb || 5 reps","169"
"Barbell Squat",2014-01-15,5,315,,5,,"315 lb || 5 reps","222"
"Barbell Squat",2014-01-15,6,325,,5,,"325 lb || 5 reps","237"
"Barbell Squat",2014-01-15,7,335,,3,,"335 lb || 3 reps","203"
"Barbell Squat",2014-01-15,8,345,,3,,"345 lb || 3 reps","218"
"Barbell Squat",2014-01-15,9,350,,2,,"350 lb || 2 reps","190"
"Barbell Squat",2014-01-15,10,315,,5,,"315 lb || 5 reps","222"
"Barbell Squat",2014-01-15,11,225,,10,,"225 lb || 10 reps","142"
"Barbell Squat",2014-01-24,1,135,,5,,"135 lb || 5 reps","66"
"Barbell Squat",2014-01-24,2,185,,5,,"185 lb || 5 reps","92"
"Barbell Squat",2014-01-24,3,225,,5,,"225 lb || 5 reps","121"
"Barbell Squat",2014-01-24,4,275,,5,,"275 lb || 5 reps","169"
"Barbell Squat",2014-01-24,5,315,,5,,"315 lb || 5 reps","222"
"Barbell Squat",2014-01-27,1,135,,5,,"135 lb || 5 reps","66"
"Barbell Squat",2014-01-27,2,185,,5,,"185 lb || 5 reps","92"
"Barbell Squat",2014-01-27,3,225,,5,,"225 lb || 5 reps","121"
"Barbell Squat",2014-01-27,4,275,,5,,"275 lb || 5 reps","169"
"Barbell Squat",2014-01-27,5,315,,5,,"315 lb || 5 reps","222"
"Barbell Squat",2014-01-27,6,325,,5,,"325 lb || 5 reps","237"
"Barbell Squat",2014-01-29,1,135,,5,,"135 lb || 5 reps","66"
"Barbell Squat",2014-01-29,2,185,,5,,"185 lb || 5 reps","92"
"Barbell Squat",2014-01-29,3,225,,5,,"225 lb || 5 reps","121"
"Barbell Squat",2014-01-29,4,275,,5,,"275 lb || 5 reps","169"
"Barbell Squat",2014-01-29,5,325,,5,,"325 lb || 5 reps","237"
"Barbell Squat",2014-01-31,1,135,,5,,"135 lb || 5 reps","66"
"Barbell Squat",2014-01-31,2,185,,5,,"185 lb || 5 reps","92"
"Barbell Squat",2014-01-31,3,225,,5,,"225 lb || 5 reps","121"
"Barbell Squat",2014-01-31,4,275,,5,,"275 lb || 5 reps","169"
"Barbell Squat",2014-01-31,5,325,,5,,"325 lb || 5 reps","237"
"Barbell Squat",2014-02-03,1,150,,5,,"150 lb || 5 reps","73"
"Barbell Squat",2014-02-03,2,185,,5,,"185 lb || 5 reps","92"
"Barbell Squat",2014-02-03,3,220,,5,,"220 lb || 5 reps","117"
"Barbell Squat",2014-02-03,4,260,,5,,"260 lb || 5 reps","153"
"Barbell Squat",2014-02-03,5,295,,5,,"295 lb || 5 reps","194"
"Barbell Squat",2014-02-05,1,150,,5,,"150 lb || 5 reps","73"
"Barbell Squat",2014-02-05,2,185,,5,,"185 lb || 5 reps","92"
"Barbell Squat",2014-02-05,3,220,,5,,"220 lb || 5 reps","117"
"Barbell Squat",2014-02-05,4,220,,5,,"220 lb || 5 reps","117"
"Barbell Squat",2014-02-07,1,150,,5,,"150 lb || 5 reps","73"
"Barbell Squat",2014-02-07,2,185,,5,,"185 lb || 5 reps","92"
"Barbell Squat",2014-02-07,3,220,,5,,"220 lb || 5 reps","117"
"Barbell Squat",2014-02-07,4,260,,5,,"260 lb || 5 reps","153"
"Barbell Squat",2014-02-07,5,300,,5,,"300 lb || 5 reps","200"
"Barbell Squat",2014-02-07,6,220,,8,,"220 lb || 8 reps","133"
"Barbell Squat",2014-02-10,1,150,,5,,"150 lb || 5 reps","73"
"Barbell Squat",2014-02-10,2,190,,5,,"190 lb || 5 reps","95"
"Barbell Squat",2014-02-10,3,225,,5,,"225 lb || 5 reps","121"
"Barbell Squat",2014-02-10,4,265,,5,,"265 lb || 5 reps","158"
"Barbell Squat",2014-02-10,5,300,,5,,"300 lb || 5 reps","200"
"Barbell Squat",2014-02-12,1,150,,5,,"150 lb || 5 reps","73"
"Barbell Squat",2014-02-12,2,190,,5,,"190 lb || 5 reps","95"
"Barbell Squat",2014-02-12,3,225,,5,,"225 lb || 5 reps","121"
"Barbell Squat",2014-02-12,4,225,,5,,"225 lb || 5 reps","121"
"Barbell Squat",2014-02-14,1,150,,5,,"150 lb || 5 reps","73"
"Barbell Squat",2014-02-14,2,190,,5,,"190 lb || 5 reps","95"
"Barbell Squat",2014-02-14,3,225,,5,,"225 lb || 5 reps","121"
"Barbell Squat",2014-02-14,4,265,,5,,"265 lb || 5 reps","158"
"Barbell Squat",2014-02-14,5,310,,3,,"310 lb || 3 reps","172"
"Barbell Squat",2014-02-14,6,225,,8,,"225 lb || 8 reps","137"
"Barbell Squat",2014-02-17,1,155,,5,,"155 lb || 5 reps","75"
"Barbell Squat",2014-02-17,2,195,,5,,"195 lb || 5 reps","99"
"Barbell Squat",2014-02-17,3,235,,5,,"235 lb || 5 reps","129"
"Barbell Squat",2014-02-17,4,270,,5,,"270 lb || 5 reps","164"
"Barbell Squat",2014-02-17,5,310,,5,,"310 lb || 5 reps","214"
"Barbell Squat",2014-02-19,1,155,,5,,"155 lb || 5 reps","75"
"Barbell Squat",2014-02-19,2,195,,5,,"195 lb || 5 reps","99"
"Barbell Squat",2014-02-19,3,235,,5,,"235 lb || 5 reps","129"
"Barbell Squat",2014-02-19,4,235,,5,,"235 lb || 5 reps","129"
"Barbell Squat",2014-02-21,1,155,,5,,"155 lb || 5 reps","75"
"Barbell Squat",2014-02-21,2,195,,5,,"195 lb || 5 reps","99"
"Barbell Squat",2014-02-21,3,235,,5,,"235 lb || 5 reps","129"
"Barbell Squat",2014-02-21,4,270,,5,,"270 lb || 5 reps","164"
"Barbell Squat",2014-02-21,5,320,,3,,"320 lb || 3 reps","184"
"Barbell Squat",2014-02-21,6,235,,8,,"235 lb || 8 reps","147"
"Barbell Squat",2014-02-24,1,160,,5,,"160 lb || 5 reps","78"
"Barbell Squat",2014-02-24,2,200,,5,,"200 lb || 5 reps","102"
"Barbell Squat",2014-02-24,3,240,,5,,"240 lb || 5 reps","134"
"Barbell Squat",2014-02-24,4,280,,5,,"280 lb || 5 reps","175"
"Barbell Squat",2014-02-24,5,320,,5,,"320 lb || 5 reps","229"
"Barbell Squat",2014-02-28,1,160,,5,,"160 lb || 5 reps","78"
"Barbell Squat",2014-02-28,2,200,,5,,"200 lb || 5 reps","102"
"Barbell Squat",2014-02-28,3,240,,5,,"240 lb || 5 reps","134"
"Barbell Squat",2014-02-28,4,280,,5,,"280 lb || 5 reps","175"
"Barbell Squat",2014-02-28,5,325,,3,,"325 lb || 3 reps","190"
"Barbell Squat",2014-02-28,6,240,,8,,"240 lb || 8 reps","152"
"Barbell Squat",2014-03-03,1,165,,5,,"165 lb || 5 reps","80"
"Barbell Squat",2014-03-03,2,205,,5,,"205 lb || 5 reps","105"
"Barbell Squat",2014-03-03,3,245,,5,,"245 lb || 5 reps","138"
"Barbell Squat",2014-03-03,4,285,,5,,"285 lb || 5 reps","181"
"Barbell Squat",2014-03-03,5,325,,5,,"325 lb || 5 reps","237"
"Barbell Squat",2014-03-05,1,165,,5,,"165 lb || 5 reps","80"
"Barbell Squat",2014-03-05,2,205,,5,,"205 lb || 5 reps","105"
"Barbell Squat",2014-03-05,3,245,,5,,"245 lb || 5 reps","138"
"Barbell Squat",2014-03-05,4,245,,5,,"245 lb || 5 reps","138"
"Barbell Squat",2014-03-09,1,165,,5,,"165 lb || 5 reps","80"
"Barbell Squat",2014-03-09,2,205,,5,,"205 lb || 5 reps","105"
"Barbell Squat",2014-03-09,3,245,,5,,"245 lb || 5 reps","138"
"Barbell Squat",2014-03-09,4,285,,5,,"285 lb || 5 reps","181"
"Barbell Squat",2014-03-09,5,335,,3,,"335 lb || 3 reps","203"
"Barbell Squat",2014-03-09,6,245,,8,,"245 lb || 8 reps","157"
"Barbell Squat",2014-03-10,1,170,,5,,"170 lb || 5 reps","83"
"Barbell Squat",2014-03-10,2,210,,5,,"210 lb || 5 reps","109"
"Barbell Squat",2014-03-10,3,250,,5,,"250 lb || 5 reps","143"
"Barbell Squat",2014-03-10,4,295,,5,,"295 lb || 5 reps","194"
"Barbell Squat",2014-03-10,5,335,,5,,"335 lb || 5 reps","254"
"Barbell Squat",2014-03-13,1,170,,5,,"170 lb || 5 reps","83"
"Barbell Squat",2014-03-13,2,210,,5,,"210 lb || 5 reps","109"
"Barbell Squat",2014-03-13,3,250,,5,,"250 lb || 5 reps","143"
"Barbell Squat",2014-03-13,4,250,,5,,"250 lb || 5 reps","143"
"Barbell Squat",2014-03-14,1,170,,5,,"170 lb || 5 reps","83"
"Barbell Squat",2014-03-14,2,210,,5,,"210 lb || 5 reps","109"
"Barbell Squat",2014-03-14,3,250,,5,,"250 lb || 5 reps","143"
"Barbell Squat",2014-03-14,4,295,,5,,"295 lb || 5 reps","194"
"Barbell Squat",2014-03-14,5,340,,3,,"340 lb || 3 reps","210"
"Barbell Squat",2014-03-14,6,250,,8,,"250 lb || 8 reps","162"
"Barbell Squat",2014-03-17,1,170,,5,,"170 lb || 5 reps","83"
"Barbell Squat",2014-03-17,2,215,,5,,"215 lb || 5 reps","113"
"Barbell Squat",2014-03-17,3,255,,5,,"255 lb || 5 reps","148"
"Barbell Squat",2014-03-17,4,300,,5,,"300 lb || 5 reps","200"
"Barbell Squat",2014-03-17,5,340,,5,,"340 lb || 5 reps","262"
"Barbell Squat",2014-03-19,1,170,,5,,"170 lb || 5 reps","83"
"Barbell Squat",2014-03-19,2,215,,5,,"215 lb || 5 reps","113"
"Barbell Squat",2014-03-19,3,255,,5,,"255 lb || 5 reps","148"
"Barbell Squat",2014-03-19,4,255,,5,,"255 lb || 5 reps","148"
"Barbell Squat",2014-03-21,1,170,,5,,"170 lb || 5 reps","83"
"Barbell Squat",2014-03-21,2,215,,5,,"215 lb || 5 reps","113"
"Barbell Squat",2014-03-21,3,255,,5,,"255 lb || 5 reps","148"
"Barbell Squat",2014-03-21,4,300,,5,,"300 lb || 5 reps","200"
"Barbell Squat",2014-03-21,5,350,,3,,"350 lb || 3 reps","225"
"Barbell Squat",2014-03-21,6,255,,8,,"255 lb || 8 reps","168"
"Barbell Squat",2014-03-24,1,175,,5,,"175 lb || 5 reps","86"
"Barbell Squat",2014-03-24,2,225,,5,,"225 lb || 5 reps","121"
"Barbell Squat",2014-03-24,3,265,,5,,"265 lb || 5 reps","158"
"Barbell Squat",2014-03-24,4,305,,5,,"305 lb || 5 reps","207"
"Barbell Squat",2014-03-24,5,350,,5,,"350 lb || 5 reps","281"
"Barbell Squat",2014-03-26,1,175,,5,,"175 lb || 5 reps","86"
"Barbell Squat",2014-03-26,2,225,,5,,"225 lb || 5 reps","121"
"Barbell Squat",2014-03-26,3,265,,5,,"265 lb || 5 reps","158"
"Barbell Squat",2014-03-26,4,265,,5,,"265 lb || 5 reps","158"
"Barbell Squat",2014-03-28,1,175,,5,,"175 lb || 5 reps","86"
"Barbell Squat",2014-03-28,2,225,,5,,"225 lb || 5 reps","121"
"Barbell Squat",2014-03-28,3,265,,5,,"265 lb || 5 reps","158"
"Barbell Squat",2014-03-28,4,305,,5,,"305 lb || 5 reps","207"
"Barbell Squat",2014-03-28,5,360,,3,,"360 lb || 3 reps","241"
"Barbell Squat",2014-03-28,6,265,,8,,"265 lb || 8 reps","180"
"Barbell Squat",2014-04-01,1,180,,5,,"180 lb || 5 reps","89"
"Barbell Squat",2014-04-01,2,225,,5,,"225 lb || 5 reps","121"
"Barbell Squat",2014-04-01,3,270,,5,,"270 lb || 5 reps","164"
"Barbell Squat",2014-04-01,4,315,,5,,"315 lb || 5 reps","222"
"Barbell Squat",2014-04-01,5,360,,5,,"360 lb || 5 reps","300"
"Barbell Squat",2014-04-02,1,180,,5,,"180 lb || 5 reps","89"
"Barbell Squat",2014-04-02,2,225,,5,,"225 lb || 5 reps","121"
"Barbell Squat",2014-04-02,3,270,,5,,"270 lb || 5 reps","164"
"Barbell Squat",2014-04-02,4,270,,5,,"270 lb || 5 reps","164"
"Barbell Squat",2014-04-04,1,180,,5,,"180 lb || 5 reps","89"
"Barbell Squat",2014-04-04,2,225,,5,,"225 lb || 5 reps","121"
"Barbell Squat",2014-04-04,3,270,,5,,"270 lb || 5 reps","164"
"Barbell Squat",2014-04-04,4,315,,5,,"315 lb || 5 reps","222"
"Barbell Squat",2014-04-04,5,370,,3,,"370 lb || 3 reps","258"
"Barbell Squat",2014-04-04,6,270,,8,,"270 lb || 8 reps","186"
"Barbell Squat",2014-04-07,1,185,,5,,"185 lb || 5 reps","92"
"Barbell Squat",2014-04-07,2,230,,5,,"230 lb || 5 reps","125"
"Barbell Squat",2014-04-07,3,280,,5,,"280 lb || 5 reps","175"
"Barbell Squat",2014-04-07,4,325,,5,,"325 lb || 5 reps","237"
"Barbell Squat",2014-04-07,5,370,,5,,"370 lb || 5 reps","321"
"Barbell Squat",2014-04-09,1,175,,5,,"175 lb || 5 reps","86"
"Barbell Squat",2014-04-09,2,225,,5,,"225 lb || 5 reps","121"
"Barbell Squat",2014-04-09,3,265,,5,,"265 lb || 5 reps","158"
"Barbell Squat",2014-04-09,4,265,,5,,"265 lb || 5 reps","158"
"Barbell Squat",2014-04-11,1,185,,5,,"185 lb || 5 reps","92"
"Barbell Squat",2014-04-11,2,230,,5,,"230 lb || 5 reps","125"
"Barbell Squat",2014-04-11,3,280,,5,,"280 lb || 5 reps","175"
"Barbell Squat",2014-04-11,4,325,,5,,"325 lb || 5 reps","237"
"Barbell Squat",2014-04-11,5,380,,3,,"380 lb || 3 reps","276"
"Barbell Squat",2014-04-11,6,280,,8,,"280 lb || 8 reps","199"
"Barbell Squat",2014-04-14,1,190,,5,,"190 lb || 5 reps","95"
"Barbell Squat",2014-04-14,2,240,,5,,"240 lb || 5 reps","134"
"Barbell Squat",2014-04-14,3,285,,5,,"285 lb || 5 reps","181"
"Barbell Squat",2014-04-14,4,335,,5,,"335 lb || 5 reps","254"
"Barbell Squat",2014-04-14,5,375,,5,,"375 lb || 5 reps","332"
"Barbell Squat",2014-04-16,1,190,,5,,"190 lb || 5 reps","95"
"Barbell Squat",2014-04-16,2,240,,5,,"240 lb || 5 reps","134"
"Barbell Squat",2014-04-16,3,285,,5,,"285 lb || 5 reps","181"
"Barbell Squat",2014-04-16,4,285,,5,,"285 lb || 5 reps","181"
"Barbell Squat",2014-04-18,1,190,,5,,"190 lb || 5 reps","95"
"Barbell Squat",2014-04-18,2,240,,5,,"240 lb || 5 reps","134"
"Barbell Squat",2014-04-18,3,285,,5,,"285 lb || 5 reps","181"
"Barbell Squat",2014-04-18,4,335,,5,,"335 lb || 5 reps","254"
"Barbell Squat",2014-04-18,5,385,,3,,"385 lb || 3 reps","285"
"Barbell Squat",2014-04-18,6,285,,8,,"285 lb || 8 reps","206"
"Barbell Squat",2014-04-21,1,185,,5,,"185 lb || 5 reps","92"
"Barbell Squat",2014-04-21,2,235,,5,,"235 lb || 5 reps","129"
"Barbell Squat",2014-04-21,3,285,,5,,"285 lb || 5 reps","181"
"Barbell Squat",2014-04-21,4,325,,5,,"325 lb || 5 reps","237"
"Barbell Squat",2014-04-21,5,375,,5,,"375 lb || 5 reps","332"
"Barbell Squat",2014-04-23,1,185,,5,,"185 lb || 5 reps","92"
"Barbell Squat",2014-04-23,2,235,,5,,"235 lb || 5 reps","129"
"Barbell Squat",2014-04-23,3,285,,5,,"285 lb || 5 reps","181"
"Barbell Squat",2014-04-23,4,285,,5,,"285 lb || 5 reps","181"
"Barbell Squat",2014-05-02,1,185,,5,,"185 lb || 5 reps","92"
"Barbell Squat",2014-05-02,2,230,,5,,"230 lb || 5 reps","125"
"Barbell Squat",2014-05-02,3,280,,5,,"280 lb || 5 reps","175"
"Barbell Squat",2014-05-02,4,325,,5,,"325 lb || 5 reps","237"
"Barbell Squat",2014-05-02,5,375,,5,,"375 lb || 5 reps","332"
"Barbell Squat",2014-05-02,6,285,,8,,"285 lb || 8 reps","206"
"Barbell Squat",2014-05-05,1,135,,5,,"135 lb || 5 reps","66"
"Barbell Squat",2014-05-05,2,185,,5,,"185 lb || 5 reps","92"
"Barbell Squat",2014-05-05,3,225,,5,,"225 lb || 5 reps","121"
"Barbell Squat",2014-05-05,4,275,,5,,"275 lb || 5 reps","169"
"Barbell Squat",2014-05-05,5,315,,5,,"315 lb || 5 reps","222"
"Barbell Squat",2014-05-08,5,135,,5,,"135 lb || 5 reps","66"
"Barbell Squat",2014-05-08,6,185,,5,,"185 lb || 5 reps","92"
"Barbell Squat",2014-05-08,7,225,,5,,"225 lb || 5 reps","121"
"Barbell Squat",2014-05-09,1,135,,5,,"135 lb || 5 reps","66"
"Barbell Squat",2014-05-09,2,185,,5,,"185 lb || 5 reps","92"
"Barbell Squat",2014-05-09,3,225,,5,,"225 lb || 5 reps","121"
"Barbell Squat",2014-05-09,4,275,,5,,"275 lb || 5 reps","169"
"Barbell Squat",2014-05-09,5,315,,5,,"315 lb || 5 reps","222"
"Barbell Squat",2014-05-09,6,365,,3,,"365 lb || 3 reps","249"
"Barbell Squat",2014-05-12,1,185,,5,,"185 lb || 5 reps","92"
"Barbell Squat",2014-05-12,2,225,,5,,"225 lb || 5 reps","121"
"Barbell Squat",2014-05-12,3,275,,5,,"275 lb || 5 reps","169"
"Barbell Squat",2014-05-12,4,315,,5,,"315 lb || 5 reps","222"
"Barbell Squat",2014-05-12,5,365,,5,,"365 lb || 5 reps","310"
"Barbell Squat",2014-06-09,1,185,,5,,"185 lb || 5 reps","92"
"Barbell Squat",2014-06-09,2,225,,5,,"225 lb || 5 reps","121"
"Barbell Squat",2014-06-09,3,275,,5,,"275 lb || 5 reps","169"
"Barbell Squat",2014-06-09,4,315,,5,,"315 lb || 5 reps","222"
"Barbell Squat",2014-06-12,1,185,,5,,"185 lb || 5 reps","92"
"Barbell Squat",2014-06-12,2,225,,5,,"225 lb || 5 reps","121"
"Barbell Squat",2014-06-12,3,275,,5,,"275 lb || 5 reps","169"
"Barbell Squat",2014-06-12,4,315,,5,,"315 lb || 5 reps","222"
"Barbell Squat",2014-06-12,5,335,,5,,"335 lb || 5 reps","254"
"Barbell Squat",2014-06-16,1,135,,5,,"135 lb || 5 reps","66"
"Barbell Squat",2014-06-16,2,185,,5,,"185 lb || 5 reps","92"
"Barbell Squat",2014-06-16,3,225,,5,,"225 lb || 5 reps","121"
"Barbell Squat",2014-06-16,4,275,,5,,"275 lb || 5 reps","169"
"Barbell Squat",2014-06-16,5,315,,5,,"315 lb || 5 reps","222"
"Barbell Squat",2014-06-18,1,135,,5,,"135 lb || 5 reps","66"
"Barbell Squat",2014-06-18,2,185,,5,,"185 lb || 5 reps","92"
"Barbell Squat",2014-06-18,3,225,,5,,"225 lb || 5 reps","121"
"Barbell Squat",2014-06-18,4,275,,5,,"275 lb || 5 reps","169"
"Barbell Squat",2014-06-18,5,315,,5,,"315 lb || 5 reps","222"
"Barbell Squat",2014-06-20,1,135,,5,,"135 lb || 5 reps","66"
"Barbell Squat",2014-06-20,2,185,,5,,"185 lb || 5 reps","92"
"Barbell Squat",2014-06-20,3,225,,5,,"225 lb || 5 reps","121"
"Barbell Squat",2014-06-20,4,275,,5,,"275 lb || 5 reps","169"
"Barbell Squat",2014-06-20,5,315,,5,,"315 lb || 5 reps","222"
"Barbell Squat",2014-06-25,2,135,,5,,"135 lb || 5 reps","66"
"Barbell Squat",2014-06-25,3,185,,5,,"185 lb || 5 reps","92"
"Barbell Squat",2014-06-25,4,225,,5,,"225 lb || 5 reps","121"
"Barbell Squat",2014-06-25,5,275,,5,,"275 lb || 5 reps","169"
"Barbell Squat",2014-06-25,6,315,,5,,"315 lb || 5 reps","222"
"Barbell Squat",2014-06-30,1,135,,5,,"135 lb || 5 reps","66"
"Barbell Squat",2014-06-30,2,185,,5,,"185 lb || 5 reps","92"
"Barbell Squat",2014-06-30,3,225,,5,,"225 lb || 5 reps","121"
"Barbell Squat",2014-06-30,4,275,,5,,"275 lb || 5 reps","169"
"Barbell Squat",2014-06-30,5,315,,5,,"315 lb || 5 reps","222"
"Barbell Squat",2014-07-02,1,135,,5,,"135 lb || 5 reps","66"
"Barbell Squat",2014-07-02,2,185,,5,,"185 lb || 5 reps","92"
"Barbell Squat",2014-07-02,3,225,,5,,"225 lb || 5 reps","121"
"Barbell Squat",2014-07-02,4,275,,5,,"275 lb || 5 reps","169"
"Barbell Squat",2014-07-02,5,315,,5,,"315 lb || 5 reps","222"
"Barbell Squat",2014-07-14,1,135,,5,,"135 lb || 5 reps","66"
"Barbell Squat",2014-07-14,2,185,,5,,"185 lb || 5 reps","92"
"Barbell Squat",2014-07-14,3,225,,5,,"225 lb || 5 reps","121"
"Barbell Squat",2014-07-14,4,265,,6,,"265 lb || 6 reps","168"
"Barbell Squat",2014-07-14,5,265,,6,,"265 lb || 6 reps","168"
"Barbell Squat",2014-07-14,6,265,,6,,"265 lb || 6 reps","168"
"Barbell Squat",2014-07-14,7,265,,6,,"265 lb || 6 reps","168"
"Barbell Squat",2014-07-14,8,265,,6,,"265 lb || 6 reps","168"
"Barbell Squat",2014-07-14,9,265,,6,,"265 lb || 6 reps","168"
"Barbell Squat",2014-07-18,1,135,,5,,"135 lb || 5 reps","66"
"Barbell Squat",2014-07-18,2,185,,5,,"185 lb || 5 reps","92"
"Barbell Squat",2014-07-18,3,225,,5,,"225 lb || 5 reps","121"
"Barbell Squat",2014-07-18,4,275,,5,,"275 lb || 5 reps","169"
"Barbell Squat",2014-07-18,5,275,,5,,"275 lb || 5 reps","169"
"Barbell Squat",2014-07-18,6,275,,5,,"275 lb || 5 reps","169"
"Barbell Squat",2014-07-18,7,275,,5,,"275 lb || 5 reps","169"
"Barbell Squat",2014-07-18,8,275,,5,,"275 lb || 5 reps","169"
"Barbell Squat",2014-07-18,9,275,,5,,"275 lb || 5 reps","169"
"Barbell Squat",2014-07-18,10,275,,5,,"275 lb || 5 reps","169"
"Barbell Squat",2014-07-22,1,135,,5,,"135 lb || 5 reps","66"
"Barbell Squat",2014-07-22,2,185,,5,,"185 lb || 5 reps","92"
"Barbell Squat",2014-07-22,3,225,,5,,"225 lb || 5 reps","121"
"Barbell Squat",2014-07-22,4,285,,4,,"285 lb || 4 reps","165"
"Barbell Squat",2014-07-22,5,285,,4,,"285 lb || 4 reps","165"
"Barbell Squat",2014-07-22,6,285,,4,,"285 lb || 4 reps","165"
"Barbell Squat",2014-07-22,7,285,,4,,"285 lb || 4 reps","165"
"Barbell Squat",2014-07-22,8,285,,4,,"285 lb || 4 reps","165"
"Barbell Squat",2014-07-22,9,285,,4,,"285 lb || 4 reps","165"
"Barbell Squat",2014-07-22,10,285,,4,,"285 lb || 4 reps","165"
"Barbell Squat",2014-07-22,11,285,,4,,"285 lb || 4 reps","165"
"Barbell Squat",2014-08-26,1,45,,5,,"45 lb || 5 reps","36"
"Barbell Squat",2014-08-26,2,45,,5,,"45 lb || 5 reps","36"
"Barbell Squat",2014-08-26,3,115,,5,,"115 lb || 5 reps","57"
"Barbell Squat",2014-08-26,4,165,,3,,"165 lb || 3 reps","64"
"Barbell Squat",2014-08-26,5,225,,2,,"225 lb || 2 reps","82"
"Barbell Squat",2014-08-26,6,275,,5,,"275 lb || 5 reps","169"
"Barbell Squat",2014-08-26,7,275,,5,,"275 lb || 5 reps","169"
"Barbell Squat",2014-08-26,8,275,,5,,"275 lb || 5 reps","169"
"Barbell Squat",2014-08-26,9,275,,5,,"275 lb || 5 reps","169"
"Barbell Squat",2014-08-26,10,275,,5,,"275 lb || 5 reps","169"
"Barbell Squat",2014-08-28,1,45,,5,,"45 lb || 5 reps","36"
"Barbell Squat",2014-08-28,2,45,,5,,"45 lb || 5 reps","36"
"Barbell Squat",2014-08-28,3,95,,5,,"95 lb || 5 reps","50"
"Barbell Squat",2014-08-28,4,135,,3,,"135 lb || 3 reps","53"
"Barbell Squat",2014-08-28,5,185,,2,,"185 lb || 2 reps","62"
"Barbell Squat",2014-08-28,6,225,,3,,"225 lb || 3 reps","97"
"Barbell Squat",2014-08-28,7,225,,3,,"225 lb || 3 reps","97"
"Barbell Squat",2014-08-28,8,225,,3,,"225 lb || 3 reps","97"
"Barbell Squat",2014-08-30,1,45,,5,,"45 lb || 5 reps","36"
"Barbell Squat",2014-08-30,2,45,,5,,"45 lb || 5 reps","36"
"Barbell Squat",2014-08-30,3,135,,5,,"135 lb || 5 reps","66"
"Barbell Squat",2014-08-30,4,185,,3,,"185 lb || 3 reps","74"
"Barbell Squat",2014-08-30,5,245,,2,,"245 lb || 2 reps","93"
"Barbell Squat",2014-08-30,6,305,,5,,"305 lb || 5 reps","207"
"Barbell Squat",2014-09-02,1,45,,5,,"45 lb || 5 reps","36"
"Barbell Squat",2014-09-02,2,45,,5,,"45 lb || 5 reps","36"
"Barbell Squat",2014-09-02,3,135,,5,,"135 lb || 5 reps","66"
"Barbell Squat",2014-09-02,4,185,,3,,"185 lb || 3 reps","74"
"Barbell Squat",2014-09-02,5,225,,2,,"225 lb || 2 reps","82"
"Barbell Squat",2014-09-02,6,280,,5,,"280 lb || 5 reps","175"
"Barbell Squat",2014-09-02,7,280,,5,,"280 lb || 5 reps","175"
"Barbell Squat",2014-09-02,8,280,,5,,"280 lb || 5 reps","175"
"Barbell Squat",2014-09-02,9,280,,5,,"280 lb || 5 reps","175"
"Barbell Squat",2014-09-02,10,280,,5,,"280 lb || 5 reps","175"
"Barbell Squat",2014-09-04,1,45,,5,,"45 lb || 5 reps","36"
"Barbell Squat",2014-09-04,2,45,,5,,"45 lb || 5 reps","36"
"Barbell Squat",2014-09-04,3,135,,5,,"135 lb || 5 reps","66"
"Barbell Squat",2014-09-04,4,185,,5,,"185 lb || 5 reps","92"
"Barbell Squat",2014-09-04,5,230,,3,,"230 lb || 3 reps","100"
"Barbell Squat",2014-09-04,6,230,,3,,"230 lb || 3 reps","100"
"Barbell Squat",2014-09-04,7,230,,3,,"230 lb || 3 reps","100"
"Barbell Squat",2014-09-06,1,45,,5,,"45 lb || 5 reps","36"
"Barbell Squat",2014-09-06,2,45,,5,,"45 lb || 5 reps","36"
"Barbell Squat",2014-09-06,3,135,,5,,"135 lb || 5 reps","66"
"Barbell Squat",2014-09-06,4,185,,5,,"185 lb || 5 reps","92"
"Barbell Squat",2014-09-06,5,245,,5,,"245 lb || 5 reps","138"
"Barbell Squat",2014-09-06,6,310,,5,,"310 lb || 5 reps","214"
"Barbell Squat",2014-09-09,1,45,,5,,"45 lb || 5 reps","36"
"Barbell Squat",2014-09-09,2,45,,5,,"45 lb || 5 reps","36"
"Barbell Squat",2014-09-09,3,135,,5,,"135 lb || 5 reps","66"
"Barbell Squat",2014-09-09,4,185,,5,,"185 lb || 5 reps","92"
"Barbell Squat",2014-09-09,5,225,,5,,"225 lb || 5 reps","121"
"Barbell Squat",2014-09-09,6,285,,5,,"285 lb || 5 reps","181"
"Barbell Squat",2014-09-09,7,285,,5,,"285 lb || 5 reps","181"
"Barbell Squat",2014-09-09,8,285,,5,,"285 lb || 5 reps","181"
"Barbell Squat",2014-09-09,9,285,,5,,"285 lb || 5 reps","181"
"Barbell Squat",2014-09-09,10,285,,5,,"285 lb || 5 reps","181"
"Barbell Squat",2014-09-11,1,45,,5,,"45 lb || 5 reps","36"
"Barbell Squat",2014-09-11,2,135,,5,,"135 lb || 5 reps","66"
"Barbell Squat",2014-09-11,3,185,,5,,"185 lb || 5 reps","92"
"Barbell Squat",2014-09-11,4,225,,3,,"225 lb || 3 reps","97"
"Barbell Squat",2014-09-11,5,225,,3,,"225 lb || 3 reps","97"
"Barbell Squat",2014-09-11,6,225,,3,,"225 lb || 3 reps","97"
"Barbell Squat",2014-09-13,1,45,,5,,"45 lb || 5 reps","36"
"Barbell Squat",2014-09-13,2,135,,5,,"135 lb || 5 reps","66"
"Barbell Squat",2014-09-13,3,185,,5,,"185 lb || 5 reps","92"
"Barbell Squat",2014-09-13,4,225,,3,,"225 lb || 3 reps","97"
"Barbell Squat",2014-09-13,5,275,,2,,"275 lb || 2 reps","114"
"Barbell Squat",2014-09-13,6,315,,5,,"315 lb || 5 reps","222"
"Barbell Squat",2014-09-16,1,45,,5,,"45 lb || 5 reps","36"
"Barbell Squat",2014-09-16,2,135,,5,,"135 lb || 5 reps","66"
"Barbell Squat",2014-09-16,3,185,,5,,"185 lb || 5 reps","92"
"Barbell Squat",2014-09-16,4,225,,3,,"225 lb || 3 reps","97"
"Barbell Squat",2014-09-16,5,275,,2,,"275 lb || 2 reps","114"
"Barbell Squat",2014-09-16,6,290,,5,,"290 lb || 5 reps","187"
"Barbell Squat",2014-09-16,7,290,,5,,"290 lb || 5 reps","187"
"Barbell Squat",2014-09-16,8,290,,5,,"290 lb || 5 reps","187"
"Barbell Squat",2014-09-16,9,290,,5,,"290 lb || 5 reps","187"
"Barbell Squat",2014-09-16,10,290,,5,,"290 lb || 5 reps","187"
"Barbell Squat",2014-09-18,1,45,,5,,"45 lb || 5 reps","36"
"Barbell Squat",2014-09-18,2,135,,5,,"135 lb || 5 reps","66"
"Barbell Squat",2014-09-18,3,185,,5,,"185 lb || 5 reps","92"
"Barbell Squat",2014-09-18,4,240,,3,,"240 lb || 3 reps","107"
"Barbell Squat",2014-09-18,5,240,,3,,"240 lb || 3 reps","107"
"Barbell Squat",2014-09-18,6,240,,3,,"240 lb || 3 reps","107"
"Barbell Squat",2014-09-20,1,45,,5,,"45 lb || 5 reps","36"
"Barbell Squat",2014-09-20,2,135,,5,,"135 lb || 5 reps","66"
"Barbell Squat",2014-09-20,3,185,,5,,"185 lb || 5 reps","92"
"Barbell Squat",2014-09-20,4,225,,5,,"225 lb || 5 reps","121"
"Barbell Squat",2014-09-20,5,275,,5,,"275 lb || 5 reps","169"
"Barbell Squat",2014-09-20,6,320,,5,,"320 lb || 5 reps","229"
"Barbell Squat",2014-09-22,1,45,,5,,"45 lb || 5 reps","36"
"Barbell Squat",2014-09-22,2,135,,5,,"135 lb || 5 reps","66"
"Barbell Squat",2014-09-22,3,185,,5,,"185 lb || 5 reps","92"
"Barbell Squat",2014-09-22,4,225,,5,,"225 lb || 5 reps","121"
"Barbell Squat",2014-09-22,5,275,,5,,"275 lb || 5 reps","169"
"Barbell Squat",2014-09-22,6,320,,5,,"320 lb || 5 reps","229"
"Barbell Squat",2014-09-26,1,45,,5,,"45 lb || 5 reps","36"
"Barbell Squat",2014-09-26,2,135,,5,,"135 lb || 5 reps","66"
"Barbell Squat",2014-09-26,3,185,,5,,"185 lb || 5 reps","92"
"Barbell Squat",2014-09-26,4,225,,5,,"225 lb || 5 reps","121"
"Barbell Squat",2014-09-26,5,315,,5,,"315 lb || 5 reps","222"
"Barbell Squat",2014-09-30,1,45,,5,,"45 lb || 5 reps","36"
"Barbell Squat",2014-09-30,2,135,,5,,"135 lb || 5 reps","66"
"Barbell Squat",2014-09-30,3,185,,5,,"185 lb || 5 reps","92"
"Barbell Squat",2014-09-30,4,225,,3,,"225 lb || 3 reps","97"
"Barbell Squat",2014-09-30,5,275,,2,,"275 lb || 2 reps","114"
"Barbell Squat",2014-09-30,6,300,,5,,"300 lb || 5 reps","200"
"Barbell Squat",2014-09-30,7,300,,5,,"300 lb || 5 reps","200"
"Barbell Squat",2014-09-30,8,300,,5,,"300 lb || 5 reps","200"
"Barbell Squat",2014-09-30,9,300,,5,,"300 lb || 5 reps","200"
"Barbell Squat",2014-09-30,10,300,,5,,"300 lb || 5 reps","200"
"Barbell Squat",2014-10-02,1,45,,5,,"45 lb || 5 reps","36"
"Barbell Squat",2014-10-02,2,135,,5,,"135 lb || 5 reps","66"
"Barbell Squat",2014-10-02,3,185,,5,,"185 lb || 5 reps","92"
"Barbell Squat",2014-10-02,4,225,,3,,"225 lb || 3 reps","97"
"Barbell Squat",2014-10-02,5,225,,3,,"225 lb || 3 reps","97"
"Barbell Squat",2014-10-02,6,225,,3,,"225 lb || 3 reps","97"
"Barbell Squat",2014-10-09,1,45,,5,,"45 lb || 5 reps","36"
"Barbell Squat",2014-10-09,2,135,,5,,"135 lb || 5 reps","66"
"Barbell Squat",2014-10-09,3,185,,5,,"185 lb || 5 reps","92"
"Barbell Squat",2014-10-09,4,225,,3,,"225 lb || 3 reps","97"
"Barbell Squat",2014-10-09,5,225,,3,,"225 lb || 3 reps","97"
"Barbell Squat",2014-10-09,6,225,,3,,"225 lb || 3 reps","97"
"Barbell Squat",2014-10-11,1,45,,5,,"45 lb || 5 reps","36"
"Barbell Squat",2014-10-11,2,135,,5,,"135 lb || 5 reps","66"
"Barbell Squat",2014-10-11,3,185,,5,,"185 lb || 5 reps","92"
"Barbell Squat",2014-10-11,4,225,,3,,"225 lb || 3 reps","97"
"Barbell Squat",2014-10-11,5,275,,2,,"275 lb || 2 reps","114"
"Barbell Squat",2014-10-11,6,325,,5,,"325 lb || 5 reps","237"
"Barbell Squat",2014-10-14,1,45,,5,,"45 lb || 5 reps","36"
"Barbell Squat",2014-10-14,2,135,,5,,"135 lb || 5 reps","66"
"Barbell Squat",2014-10-14,3,185,,5,,"185 lb || 5 reps","92"
"Barbell Squat",2014-10-14,4,225,,3,,"225 lb || 3 reps","97"
"Barbell Squat",2014-10-14,5,275,,2,,"275 lb || 2 reps","114"
"Barbell Squat",2014-10-14,6,305,,5,,"305 lb || 5 reps","207"
"Barbell Squat",2014-10-14,7,305,,5,,"305 lb || 5 reps","207"
"Barbell Squat",2014-10-14,8,305,,5,,"305 lb || 5 reps","207"
"Barbell Squat",2014-10-14,9,305,,5,,"305 lb || 5 reps","207"
"Barbell Squat",2014-10-14,10,305,,5,,"305 lb || 5 reps","207"
"Barbell Squat",2014-10-16,1,45,,5,,"45 lb || 5 reps","36"
"Barbell Squat",2014-10-16,2,135,,5,,"135 lb || 5 reps","66"
"Barbell Squat",2014-10-16,3,185,,3,,"185 lb || 3 reps","74"
"Barbell Squat",2014-10-16,4,235,,3,,"235 lb || 3 reps","104"
"Barbell Squat",2014-10-16,5,235,,3,,"235 lb || 3 reps","104"
"Barbell Squat",2014-10-16,6,235,,3,,"235 lb || 3 reps","104"
"Barbell Squat",2014-10-21,1,135,,5,,"135 lb || 5 reps","66"
"Barbell Squat",2014-10-21,2,185,,5,,"185 lb || 5 reps","92"
"Barbell Squat",2014-10-21,3,225,,3,,"225 lb || 3 reps","97"
"Barbell Squat",2014-10-21,4,275,,2,,"275 lb || 2 reps","114"
"Barbell Squat",2014-10-21,5,310,,5,,"310 lb || 5 reps","214"
"Barbell Squat",2014-10-21,6,310,,5,,"310 lb || 5 reps","214"
"Barbell Squat",2014-10-21,7,310,,5,,"310 lb || 5 reps","214"
"Barbell Squat",2014-10-21,8,310,,5,,"310 lb || 5 reps","214"
"Barbell Squat",2014-10-21,9,310,,5,,"310 lb || 5 reps","214"
"Barbell Squat",2014-10-23,1,45,,5,,"45 lb || 5 reps","36"
"Barbell Squat",2014-10-23,2,135,,5,,"135 lb || 5 reps","66"
"Barbell Squat",2014-10-23,3,195,,5,,"195 lb || 5 reps","99"
"Barbell Squat",2014-10-23,4,245,,3,,"245 lb || 3 reps","111"
"Barbell Squat",2014-10-23,5,245,,3,,"245 lb || 3 reps","111"
"Barbell Squat",2014-10-23,6,245,,3,,"245 lb || 3 reps","111"
"Barbell Squat",2014-10-25,1,135,,5,,"135 lb || 5 reps","66"
"Barbell Squat",2014-10-25,2,185,,5,,"185 lb || 5 reps","92"
"Barbell Squat",2014-10-25,3,225,,5,,"225 lb || 5 reps","121"
"Barbell Squat",2014-10-25,4,275,,5,,"275 lb || 5 reps","169"
"Barbell Squat",2014-10-25,5,330,,5,,"330 lb || 5 reps","245"
"Barbell Squat",2014-10-27,1,45,,5,,"45 lb || 5 reps","36"
"Barbell Squat",2014-10-27,2,135,,5,,"135 lb || 5 reps","66"
"Barbell Squat",2014-10-27,3,185,,5,,"185 lb || 5 reps","92"
"Barbell Squat",2014-10-27,4,225,,3,,"225 lb || 3 reps","97"
"Barbell Squat",2014-10-27,5,275,,2,,"275 lb || 2 reps","114"
"Barbell Squat",2014-10-27,6,315,,5,,"315 lb || 5 reps","222"
"Barbell Squat",2014-10-27,7,315,,5,,"315 lb || 5 reps","222"
"Barbell Squat",2014-10-27,8,315,,5,,"315 lb || 5 reps","222"
"Barbell Squat",2014-10-27,9,315,,5,,"315 lb || 5 reps","222"
"Barbell Squat",2014-10-27,10,315,,5,,"315 lb || 5 reps","222"
"Barbell Squat",2014-10-30,1,45,,5,,"45 lb || 5 reps","36"
"Barbell Squat",2014-10-30,2,135,,5,,"135 lb || 5 reps","66"
"Barbell Squat",2014-10-30,3,185,,5,,"185 lb || 5 reps","92"
"Barbell Squat",2014-10-30,4,255,,3,,"255 lb || 3 reps","119"
"Barbell Squat",2014-10-30,5,255,,3,,"255 lb || 3 reps","119"
"Barbell Squat",2014-10-30,6,255,,3,,"255 lb || 3 reps","119"
"Barbell Squat",2014-11-01,1,135,,5,,"135 lb || 5 reps","66"
"Barbell Squat",2014-11-01,2,185,,5,,"185 lb || 5 reps","92"
"Barbell Squat",2014-11-01,3,225,,5,,"225 lb || 5 reps","121"
"Barbell Squat",2014-11-01,4,275,,5,,"275 lb || 5 reps","169"
"Barbell Squat",2014-11-01,5,335,,5,,"335 lb || 5 reps","254"
"Barbell Squat",2014-11-05,1,45,,5,,"45 lb || 5 reps","36"
"Barbell Squat",2014-11-05,2,135,,5,,"135 lb || 5 reps","66"
"Barbell Squat",2014-11-05,3,205,,5,,"205 lb || 5 reps","105"
"Barbell Squat",2014-11-05,4,245,,3,,"245 lb || 3 reps","111"
"Barbell Squat",2014-11-05,5,295,,2,,"295 lb || 2 reps","131"
"Barbell Squat",2014-11-05,6,320,,5,,"320 lb || 5 reps","229"
"Barbell Squat",2014-11-05,7,320,,5,,"320 lb || 5 reps","229"
"Barbell Squat",2014-11-05,8,320,,5,,"320 lb || 5 reps","229"
"Barbell Squat",2014-11-05,9,320,,5,,"320 lb || 5 reps","229"
"Barbell Squat",2014-11-05,10,320,,5,,"320 lb || 5 reps","229"
"Barbell Squat",2014-11-13,1,45,,5,,"45 lb || 5 reps","36"
"Barbell Squat",2014-11-13,2,135,,5,,"135 lb || 5 reps","66"
"Barbell Squat",2014-11-13,3,185,,5,,"185 lb || 5 reps","92"
"Barbell Squat",2014-11-13,4,245,,3,,"245 lb || 3 reps","111"
"Barbell Squat",2014-11-13,5,245,,3,,"245 lb || 3 reps","111"
"Barbell Squat",2014-11-13,6,245,,3,,"245 lb || 3 reps","111"
"Barbell Squat",2014-11-15,1,45,,5,,"45 lb || 5 reps","36"
"Barbell Squat",2014-11-15,2,135,,5,,"135 lb || 5 reps","66"
"Barbell Squat",2014-11-15,3,205,,5,,"205 lb || 5 reps","105"
"Barbell Squat",2014-11-15,4,245,,5,,"245 lb || 5 reps","138"
"Barbell Squat",2014-11-15,5,295,,5,,"295 lb || 5 reps","194"
"Barbell Squat",2014-11-15,6,340,,5,,"340 lb || 5 reps","262"
"Barbell Squat",2014-11-18,1,45,,5,,"45 lb || 5 reps","36"
"Barbell Squat",2014-11-18,2,135,,5,,"135 lb || 5 reps","66"
"Barbell Squat",2014-11-18,3,185,,5,,"185 lb || 5 reps","92"
"Barbell Squat",2014-11-18,4,245,,3,,"245 lb || 3 reps","111"
"Barbell Squat",2014-11-18,5,295,,2,,"295 lb || 2 reps","131"
"Barbell Squat",2014-11-18,6,325,,5,,"325 lb || 5 reps","237"
"Barbell Squat",2014-11-18,7,325,,5,,"325 lb || 5 reps","237"
"Barbell Squat",2014-11-18,8,325,,5,,"325 lb || 5 reps","237"
"Barbell Squat",2014-11-18,9,325,,5,,"325 lb || 5 reps","237"
"Barbell Squat",2014-11-18,10,325,,5,,"325 lb || 5 reps","237"
"Barbell Squat",2014-11-20,1,45,,5,,"45 lb || 5 reps","36"
"Barbell Squat",2014-11-20,2,135,,5,,"135 lb || 5 reps","66"
"Barbell Squat",2014-11-20,3,185,,5,,"185 lb || 5 reps","92"
"Barbell Squat",2014-11-20,4,225,,3,,"225 lb || 3 reps","97"
"Barbell Squat",2014-11-20,5,225,,3,,"225 lb || 3 reps","97"
"Barbell Squat",2014-11-20,6,225,,3,,"225 lb || 3 reps","97"
"Barbell Squat",2014-12-01,1,45,,5,,"45 lb || 5 reps","36"
"Barbell Squat",2014-12-01,2,135,,5,,"135 lb || 5 reps","66"
"Barbell Squat",2014-12-01,3,185,,5,,"185 lb || 5 reps","92"
"Barbell Squat",2014-12-01,4,225,,5,,"225 lb || 5 reps","121"
"Barbell Squat",2014-12-01,5,275,,5,,"275 lb || 5 reps","169"
"Barbell Squat",2014-12-01,6,315,,5,,"315 lb || 5 reps","222"
"Barbell Squat",2014-12-04,1,45,,5,,"45 lb || 5 reps","36"
"Barbell Squat",2014-12-04,2,135,,5,,"135 lb || 5 reps","66"
"Barbell Squat",2014-12-04,3,185,,5,,"185 lb || 5 reps","92"
"Barbell Squat",2014-12-04,4,225,,3,,"225 lb || 3 reps","97"
"Barbell Squat",2014-12-04,5,225,,3,,"225 lb || 3 reps","97"
"Barbell Squat",2014-12-04,6,225,,3,,"225 lb || 3 reps","97"
"Barbell Squat",2014-12-06,1,45,,5,,"45 lb || 5 reps","36"
"Barbell Squat",2014-12-06,2,135,,5,,"135 lb || 5 reps","66"
"Barbell Squat",2014-12-06,3,185,,5,,"185 lb || 5 reps","92"
"Barbell Squat",2014-12-06,4,225,,5,,"225 lb || 5 reps","121"
"Barbell Squat",2014-12-06,5,285,,5,,"285 lb || 5 reps","181"
"Barbell Squat",2014-12-06,6,335,,5,,"335 lb || 5 reps","254"
"Barbell Squat",2014-12-08,1,45,,5,,"45 lb || 5 reps","36"
"Barbell Squat",2014-12-08,2,135,,5,,"135 lb || 5 reps","66"
"Barbell Squat",2014-12-08,3,185,,5,,"185 lb || 5 reps","92"
"Barbell Squat",2014-12-08,4,225,,3,,"225 lb || 3 reps","97"
"Barbell Squat",2014-12-08,5,275,,2,,"275 lb || 2 reps","114"
"Barbell Squat",2014-12-08,6,315,,5,,"315 lb || 5 reps","222"
"Barbell Squat",2014-12-08,7,315,,5,,"315 lb || 5 reps","222"
"Barbell Squat",2014-12-08,8,315,,5,,"315 lb || 5 reps","222"
"Barbell Squat",2014-12-08,9,315,,5,,"315 lb || 5 reps","222"
"Barbell Squat",2014-12-08,10,315,,5,,"315 lb || 5 reps","222"
"Barbell Squat",2014-12-10,1,45,,5,,"45 lb || 5 reps","36"
"Barbell Squat",2014-12-10,2,135,,5,,"135 lb || 5 reps","66"
"Barbell Squat",2014-12-10,3,185,,5,,"185 lb || 5 reps","92"
"Barbell Squat",2014-12-10,4,225,,3,,"225 lb || 3 reps","97"
"Barbell Squat",2014-12-10,5,225,,3,,"225 lb || 3 reps","97"
"Barbell Squat",2014-12-10,6,225,,3,,"225 lb || 3 reps","97"
"Barbell Squat",2014-12-12,1,45,,5,,"45 lb || 5 reps","36"
"Barbell Squat",2014-12-12,2,135,,5,,"135 lb || 5 reps","66"
"Barbell Squat",2014-12-12,3,185,,5,,"185 lb || 5 reps","92"
"Barbell Squat",2014-12-12,4,245,,5,,"245 lb || 5 reps","138"
"Barbell Squat",2014-12-12,5,295,,5,,"295 lb || 5 reps","194"
"Barbell Squat",2014-12-12,6,340,,5,,"340 lb || 5 reps","262"
"Barbell Squat",2015-01-27,1,45,,5,,"45 lb || 5 reps","36"
"Barbell Squat",2015-01-27,2,135,,5,,"135 lb || 5 reps","66"
"Barbell Squat",2015-01-27,3,185,,5,,"185 lb || 5 reps","92"
"Barbell Squat",2015-01-27,4,215,,5,,"215 lb || 5 reps","113"
"Barbell Squat",2015-01-27,5,250,,5,,"250 lb || 5 reps","143"
"Barbell Squat",2015-01-27,6,285,,8,,"285 lb || 8 reps","206"
"Barbell Squat",2015-01-27,7,165,,10,,"165 lb || 10 reps","95"
"Barbell Squat",2015-01-27,8,165,,10,,"165 lb || 10 reps","95"
"Barbell Squat",2015-01-27,9,165,,10,,"165 lb || 10 reps","95"
"Barbell Squat",2015-01-27,10,165,,10,,"165 lb || 10 reps","95"
"Barbell Squat",2015-01-27,11,165,,10,,"165 lb || 10 reps","95"
"Barbell Squat",2015-02-04,1,45,,5,,"45 lb || 5 reps","36"
"Barbell Squat",2015-02-04,2,135,,5,,"135 lb || 5 reps","66"
"Barbell Squat",2015-02-04,3,185,,5,,"185 lb || 5 reps","92"
"Barbell Squat",2015-02-04,4,235,,3,,"235 lb || 3 reps","104"
"Barbell Squat",2015-02-04,5,265,,3,,"265 lb || 3 reps","127"
"Barbell Squat",2015-02-04,6,300,,5,,"300 lb || 5 reps","200"
"Barbell Squat",2015-02-04,7,165,,10,,"165 lb || 10 reps","95"
"Barbell Squat",2015-02-04,8,165,,10,,"165 lb || 10 reps","95"
"Barbell Squat",2015-02-04,9,165,,10,,"165 lb || 10 reps","95"
"Barbell Squat",2015-02-04,10,165,,10,,"165 lb || 10 reps","95"
"Barbell Squat",2015-02-04,11,165,,10,,"165 lb || 10 reps","95"
"Barbell Squat",2015-02-13,1,45,,5,,"45 lb || 5 reps","36"
"Barbell Squat",2015-02-13,2,135,,5,,"135 lb || 5 reps","66"
"Barbell Squat",2015-02-13,3,185,,5,,"185 lb || 5 reps","92"
"Barbell Squat",2015-02-13,4,225,,5,,"225 lb || 5 reps","121"
"Barbell Squat",2015-02-13,5,250,,5,,"250 lb || 5 reps","143"
"Barbell Squat",2015-02-13,6,285,,3,,"285 lb || 3 reps","145"
"Barbell Squat",2015-02-13,7,315,,5,,"315 lb || 5 reps","222"
"Barbell Squat",2015-02-13,8,165,,10,,"165 lb || 10 reps","95"
"Barbell Squat",2015-02-13,9,165,,10,,"165 lb || 10 reps","95"
"Barbell Squat",2015-02-13,10,165,,10,,"165 lb || 10 reps","95"
"Barbell Squat",2015-02-13,11,165,,10,,"165 lb || 10 reps","95"
"Barbell Squat",2015-02-13,12,165,,10,,"165 lb || 10 reps","95"
